id,K,Short description,Type 1,Type 2,Material,height,width,length,depth,diameter,remarks,Condition,Datation,Remarks on datation,Date of discovery (DD/MM/YYYY),Conservation
0,K 2,"Block statue of Ḥr, son of Nsr-Jmn and Ḏd-Mwt-jw.s-ʿnḫ. Cairo CG 42226",Statue,Block statue," ""Grey"" granite",110,51.5,,70.5,,JE: 100 / CG: 110,Complete, T.I.P. 23rd dyn. Pedubastis I,,6/1/1904,
1,K 10,"Block statue of Jʿḥ-ms, son of Pȝ-ḫȝr-Ḫnsw and Ȝst-m-Ȝḫ-bjt. Alexandria, National Museum 116 (= Cairo JE 36579)",Statue,Block statue,"""Black"" Granite",70.5,31,,41,,"Hauteur JE: 70
Jansen-Winkeln:2001 Largeur et Profondeur du socle",Complete, Ptolemaic Period Ptolemies,,26/12/1903,
2,K 16,Naophorous block statue of Wn-nfr with figure of Ptah. Cairo CG 42170,Statue,Naophorous block statue (Ptah),"""Black"" Granite",46,,,,,,Almost complete, New Kingdom 19th dyn. Ramesses II,,8/2/1904,
3,K 17,"Naophorous block statue of Ḫʿy, son of Hȝjȝ and Ddt-Nwbt(?), with figure of Amun. Cairo CG 42166",Statue,Naophorous block statue (Amun),Calcite,41,,,,,"Hauteur : JE: 42/CLES 1/511: ca. 41
",Almost complete, New Kingdom 19th dyn. Ramesses II,,26/12/1903,
4,K 18,Block statue of Sȝ-rȝy (Siroï). Cairo CG 42167,Statue,Block statue," ""Grey"" granite",40,,,,,JE: 42,Almost complete, New Kingdom 19th dyn. Ramesses II,,26/12/1903,
5,K 20,"Block statue of Jmn-ms, son of Ṯȝw-n-ȝny. Cairo JE 36654",Statue,Block statue,"""Black"" Granite",46,,,,,"De Meulenaere, De Strooper:1998 : 45",Complete, New Kingdom 20th dyn. Ramesses VI-Ramesses IX,,6/2/1904,
6,K 21,"Block statue of Ḏd-Mwt-jw.f-ʿnḫ, son of Ḥr [and Jtȝwy]. Cairo CG 42220",Statue,Block statue," ""Grey"" granite",47,23,,32,,CG: 46,Almost complete, T.I.P. 22nd dyn. Osorkon II,,6/2/1904,
7,K 24,"Block statue of Hr.s-n.f, son of Jry-jry and Ns-Ḥr-pȝ-Rʿ. Cairo JE 36663",Statue,Block statue,"""Black"" Granite",55.6,,,,,JE: H 56,Almost complete, Late Period-Ptolemaic Period,,5/2/1904,
8,K 39,"Naophorous block statue of Bȝk-n-Ḫnsw son of Jmn-m-jpt [and of Bȝkt-Mwt], with figure of Amun. Cairo CG 42159",Statue,Naophorous block statue (Amun),Sandstone,80,,,,,JE: 100!,Broken (upper part missing), New Kingdom 20th dyn. Setnakht - Ramesses III,,15/2/1904,
9,K 40,Block statue of Rȝmʿ-Rȝy (Romê-Roy). Cairo CG 42186,Statue,Block statue," ""Grey"" granite",97,47,,65,,"JE: 94
CG: 108",, New Kingdom 19th dyn. Merenptah,,15/2/1904,
10,K 42,"Block statue of Ns-nȝ-ḫȝtyw, son of Šmy-Jn, with figure of Osiris. Cairo JE 36736",Statue,Block statue with figure of deity (Osiris),"""Black"" Granite",23,,,,,,Broken (head missing), Ptolemaic Period,,17/2/1904 (H.C.?),
11,K 48,"Block statue of Ḥr-ȝḫ-bjt, called Jry-jry, son of Jmn-m-Jpt. Cairo JE 37202 (= CG 42278*)",Statue,Block statue,Limestone,28.8,14.4,,22.2,,JE: 28,, T.I.P. trans. 22nd-23rd-25th dyn.,,20/2/1904,
12,K 52,"Block statue of Ḏd-Ḥr, son of Pȝ-hb / Wsjr-wr and T...(?). Cairo JE 36668 (statue) + 36669 (pedestal)",Statue,Block statue,Limestone,27,,,27,,,, Late Period,,20/2/1904,
13,K 56,"Block statue of Pȝ-dj-Ḥr-pȝ-Rʿ, son of Ḥr and ...?. Cairo JE 36734",Statue,Block statue,"""Black"" Granite",35,,,,,,, Ptolemaic Period Ptolemies,,20/2/1904,
14,K 57,"Block statue of Ḥr, son of [Ns?]-pȝ-mdw and Kky. Cairo JE 36741",Statue,Block statue,Limestone,31,,,,,,, Ptolemaic Period Ptolemies,,20/2/1904,
15,K 59,"Naophorous block statue of Wsr-ḥȝt, with figure of Amun. Cairo CG 42181",Statue,Naophorous block statue (Amun)," ""Grey"" granite",50,26.5,,32,,"JE: 51
CG: 50",, New Kingdom 20th dyn.,,20/2/1904,
16,K 64,"Block statue of ʿnḫ.f-n-Ḫnsw, son of Ns-pȝ-ḥr-n-tȝ-ḥȝt. Cairo JE 36926 (= CG 42266*)",Statue,Block statue,"""Black"" Granite",63,41,,50,,Hauteur corrigée au JE : 63 par R[eginald] E[ngelbach] sur ancienne probablement: 83(?) La statue est-elle entrée entière au Musée ?,Broken (head missing), T.I.P. 22nd dyn.,,29/2/1904,
17,K 99,"Block statue of Ns-pȝ-qȝ-šwty, son of Ḏd-Ḏḥwty-jw.f-ʿnḫ. Luxor, Egyptian Museum J.152 (= Cairo CG 42232)",Statue,Block statue,Hard crystalline limestone,72.5,34.5,,51.5,,"JE: 73 / CG: 75
———
Brandl:2008
H. décors face	30
H. décors g.	22.5
H. décors dr.	23.5",Almost complete, T.I.P. 22nd dyn. Shoshenq III,,5/2/1904,
18,K 67,"Block statue of Pȝ-dj-Ȝst, called Jrt-Ḥr-r.w, son of ʿnḫ-wsr(k)n and Ȝy. Cairo CG 48648",Statue,Block statue,Greywacke,29,,,,,,, Late Period 26th dyn.,,29/2/1904,
19,K 69,"Block statue of ʿnḫ-pȝ-ẖrd, son of Pȝ-dj-nfr-ḥtp and Ns-nṯrt-[...]. Cairo JE 36735",Statue,Block statue,"""Black"" Granite",34,,,,,,, Late Period,,29/2/1904,
20,K 70,"Block statue of Ḏd-Ḫnsw-jw.f-ʿnḫ, son of Ns-pȝ-nfr-ḥr. Cairo JE 36742 (= CG 42268*)",Statue,Block statue,Limestone,21,,,,,Brandl:2008 = JE,, T.I.P. 22nd dyn. Osorkon I,,29/2/1904,
21,K 71,"Block statue of Pȝ-ḫȝr-Ḫnsw, son of Ns-bȝ-nb-Ḏd and Tȝ-prt. Cairo JE 36747",Statue,Block statue,Steatite,33,13.5,,16.5,,,, Ptolemaic Period,,29/2/1904,
22,K 81,"Block statue of Ḥr (III), son of Nsr-Jmn. Cairo CG 42230",Statue,Block statue,"""Black"" Granite",70,31,,43.5,,"CG: 70

———
Brandl:2008
H. BP			51.2
l. BP			8.2
Pr. BP (haut)	1.2",Complete, T.I.P. 22nd dyn. Takelot II,,3/3/1904,
23,K 91,"Block statue of Pȝ-šrj-tȝ-jht, son of Nḫt-Mnṯw and Kky. Cairo JE 36738",Statue,Block statue,"""Black"" Granite",21,,,,,,, Ptolemaic Period,,4/3/1904,
24,K 103,"Block statue of Ḏd-Ḫnsw-jw.f-ʿnḫ, son of Pȝ-mj and Ḏd-Mwt-jw.s-ʿnḫ. Cairo JE 36733",Statue,Block statue," ""Grey"" granite",29.3,13.8,,19.5,,JE: H. 30,Complete, T.I.P.-Late Period trans. 25th-26th dyn.,,10/3/1904,
25,K 104,"Block statue of Ḏd-Jmn-jw.f-ʿnḫ, son of Nb-nṯrw. Cairo JE 36732",Statue,Block statue,"""Black"" Granite",30,,,,,,, Late Period 26th dyn.,,10/3/1904,
26,K 108,"Block statue of Pȝ-nḥsy, [son of Pȝ-mj]. Cairo JE 36739",Statue,Block statue,"""Black"" Granite",19,,,,,,Complete, T.I.P. 25th dyn.,,11/3/1904,
27,K 110,"Block statue of Pȝ-dj-nfr-ḥtp, son of Pȝ-dj-Jmn-Jpt and Ṯy...? Cairo JE 36740",Statue,Block statue,Limestone,41,,,,,,, Ptolemaic Period,,11/3/1904,
28,K 113,"Block statue of Jmn-ms, son of P(ȝ)-n-Ḏrty and Mwt-m-jnt, with figure of Sobek-Re. Cairo CG 42169",Statue,Block statue with figure of deity (Sobek-Re),Limestone,52,,,,,JE: 58,Almost complete, New Kingdom 19th dyn. Ramesses II,,12/3/1904,
29,K 121,"Block statue of Nḏm, son of Qny-nȝ. Beni Suef, Beni Suef Museum, unknown number (= Cairo JE 36905)",Statue,Block statue,"""Black"" Granite",70,32,,45,,JE: 69,, New Kingdom 19th-20th dyn.,,23/3/1904,
30,K 122,"Block statue of Nsr-Jmn, son of Ḥr and Jtȝwy. Cairo CG 42221",Statue,Block statue,Hard crystalline limestone,60,24.5,,43.5,,"CG: 60
———
Brandl:2008
H. relief avant		20.5/max. 21

———
Vérification du 28/01/2009
H.	59.5		H. base	12
l.	24.5		l. max	25.5		l. BP	16
Pr.	43.5",, T.I.P. 22nd dyn. Osorkon II-Takelot II,,23/3/1904,
31,K 124,Block statue of Rȝmʿ-Rȝy (Romê-Roy). Cairo CG 42185,Statue,Block statue,Hard crystalline limestone,102,45.5,,62,,CG: 105,Almost complete, New Kingdom 19th dyn. Merenptah,,26/3/1904,
32,K 126,Block statue of Sn-n-mwt holding princess Neferure. Cairo CG 42115,Statue,Block statue holding a child,"""Pink"" granite",143,73,,77,,CG: 140,, New Kingdom 18th dyn. Hatshepsut,,26/3/1904,
33,K 127,"Block statue of Ḥr-sȝ-Ȝst, son of Nḫt.f-mwt (A). Cairo CG 42210",Statue,Block statue,Calcite,54.5,23.5,,32.5,,"JE: 55 / CG: 57
———
Vérification du 28/01/2009
H.	56	H. base	10	H. marche	11
l.	24.5	l. base	23	l. BP		15
Pr.	33",Almost complete, T.I.P. 22nd dyn. Takelot II,,30/3/1904,
34,K 130,"Block statue of Jmn-m-jpt, son of Jry. Cairo CG 48644",Statue,Block statue,Greywacke,31,,,,,,Complete, Late Period 26th dyn. Psammetichus I,,30/3/1904,
35,K 131,"Block statue of Pȝ-dj-Jmn-nb-nswt-tȝwy, son of ʿnḫ-pȝ-ẖrd and ʿnḫ-n.s-jt.s. Cairo JE 37011 (= CG 42269*)",Statue,Block statue,Siltstone,22.5,13,,18,,JE: 23,, Late Period-Ptolemaic Period 30th dyn.-Ptolemies,,30/3/1904,
36,K 132,"Block statue of Pȝ-dj-Jmn-nb-nswt-tȝwy, son of Ḥr. Baltimore, WAG/WAM 166 (22.172) (ex-Cairo JE 37161)",Statue,Block statue,"""Black"" Granite",26.8,,,,,"JdF: 21
JE: 26.5
Steindorff:1946: 26,6",Complete, T.I.P.-Late Period trans. 25th-26th dyn.,,30/3/1904,
37,K 133,"Block statue of Jmn-m-ḥȝt. New York, MMA 25.184.15 (ex-Cairo JE 36972)",Statue,Block statue,Basalt,"32,1","14,6",,"14,3",,"JE: H. 31; l. 14; pr. 22

CLES 392:
H. 31,7; l. 14,5; pr. 22,5",, Ptolemaic Period,,30/3/1904,
38,K 134,"Block statue of Pȝ-dj-ʿ.s, son of [...?] and Nfrt. Cairo JE 37142",Statue,Block statue,"""Black"" Granite",28,15,,20,,,, Late Period-Ptolemaic Period,,30/3/1904,
39,K 135bis,"Statue of a prince (sȝ-nswt) with child hair lock, holding a figure of deity. Cairo JE 37188",Statue,Block statue with figure of deity,Granite,41,,,,,,, New Kingdom 19th dyn. Ramesses II,,4/2/1904(?),
40,K 136,"Block statue of Ḥr-sȝ-Ȝst, son of Ns-Ptḥ. Cairo CG 42246",Statue,Block statue,Breccia,18,,,,,"JE: 18,5",Complete, T.I.P. 25th dyn.,,31/3/1904,
41,K 137,"Block statue of ʿnḫ-pȝ-ẖrd, son of Ḥr-ȝḫ-bjt and N(ȝ)-mnḫ-Jmn. Cairo CG 48625",Statue,Block statue,Greywacke,25,,,,,,Almost complete, T.I.P.-Late Period trans. 25th-26th dyn.,,31/3/1904,
42,K 138,Block statue of Ḥr son of ʿnḫ.f-n-Ḫnsw and ʿnḫ-jrty-nt-Ȝst(?).  Cairo JE 36994 (= CG 42256*),Statue,Block statue,Greywacke,19.8,10.2,,13.7,,"JE: 20

———
Brandl:2008 = Eaton-Krauss, Jansen-Winkeln:2001
+
H. visage	3.3",Almost complete, T.I.P. 22nd dyn. Shoshenq I-Osorkon I,,31/3/1904,
43,K 139,Block statue of Ḥȝḥȝt son of Pp(?). Cairo CG 48616,Statue,Block statue,Greywacke,31,,,,,,Almost complete, T.I.P.-Late Period trans. 25th-26th dyn.,,31/3/1904,
44,K 142,"Block statue of Pȝ-dj-Nfr-ḥtp, called Ns-Jn-Ḥrt, son of Jrt-Ḥr-r.w and Tȝ-[...] Cairo JE 37429",Statue,Block statue," ""Grey"" granite",22,10.5,,11,,"JE 21:
CLES 1573: 21,5

EMD (13/10/2010): hauteur: 21; largeur: 11.5; prof. 10",, Ptolemaic Period Argeads Philip Arrhidaeus,,31/3/1904,
45,K 143,"Block statue of Ns-Mnw, son of Pȝ-wrm and Ns-tȝ-nṯrt-tn. Cairo JE 37017",Statue,Block statue,Limestone,32,,,,,,Almost complete, Ptolemaic Period,,31/3/1904,
46,K 144,"Block statue of Kȝp.f-ḥȝ-Mnṯw, son of Wsjr-wr and Nn-nwb. Cairo JE 36962",Statue,Block statue,Basalt,37.5,14,,19.5,,"Hauteur JE: 37
Jansen-Winkeln:2001, Largeur et Profondeur socle",Almost complete, Late Period-Ptolemaic Period 30th dyn.-Ptolemies,,31/3/1904,
47,K 145,"Block statue of Ns-Šw-Tfnwt, son of Ns-pȝ-qȝ-šwty. Cairo JE 36963",Statue,Block statue,"""Black"" Granite",33,,,,,,, Late Period 26th dyn.,,31/3/1904,
48,K 148,Block statue of Ns-pȝ-mdw son of Ḥr and ...?. Cairo JE 37368,Statue,Block statue,Limestone,34,,,,,,, Ptolemaic Period,,31/3/1904,
49,K 149bis,Block statue of Ḏd-Ḫnsw-jw.f-ʿnḫ [son of Ḥr-sȝ-Ȝst]. Cairo JE 37382,Statue,Block statue,Limestone,46.4,23.2,,23.3,,"JE: 35 [”without head” / “Head appears to have been found later & put on. RE.”]
———
Brandl:2008 = Jansen-Winkeln:2008",, T.I.P. 22nd-23rd dyn. Osorkon III-Takelot III,,,
50,K 154,"Block statue of Bȝk-n-Ḫnsw, son of Ḏd-Ḫnsw-ỉw.f-ʿnḫ. Cairo CG 42213",Statue,Block statue," ""Grey"" granite",52,23.5,,37,,JE: 54 / CG: 52,Almost complete, T.I.P. 22nd dyn. Osorkon II,,1/4/1904,
51,K 157,"Block statue of Jmn-m-jnt, son of Ḥr-sȝ-Ȝst. Cairo JE 37401 (= CG 42260*)",Statue,Block statue,Limestone,19.3,11.6,,18,,JE: 19,, T.I.P. 22nd-23rd dyn.,,2/4/1904,
52,K 160,"Block statue of ẖnm-jb-Rʿ-mn, son of Ns-Mnw and Tȝ-nt-Jmn. Cairo JE 36918",Statue,Block statue,"""Black"" Granite",54,,,,,,Complete, Ptolemaic Period Ptolemies,,3/4/1904,
53,K 161,"Block statue of Jmn-n-dt (?), son of Jmn-n-dt (?). Cairo JE 37373",Statue,Block statue,"""Black"" Granite",30,,,,,,Broken (lower part missing), T.I.P. 25th dyn.,,3/4/1904,
54,K 162,"Block statue of Ns-Mnw, son of Wsr-Ḫnsw. and Tȝ-šrjt-Ḫnsw Cairo JE 36961",Statue,Block statue,"""Black"" Granite",38.5,14.5,,19.5,,JE: 39,Almost complete, Ptolemaic Period Ptolemies,,3/4/1904,
55,K 167,"Block statue of Ḏd-Ḫnsw-jw.f-ʿnḫ, son of Jw.f-ʿȝ and Ns-nb-ʿnḫ. Cairo JE 37196",Statue,Block statue,"""Black"" Granite",51,,,,,,, Late Period 30th dyn.,,,
56,K 173,Block statue of Ṯȝ-nfr. Cairo JE 36974,Statue,Block statue,Basalt,34,,,,,,, New Kingdom 19th dyn.,,8/4/1904,
57,K 174,"Block statue of Ḥr-n-P, son of Wḏȝ-Ḥr and Jmn-jr-dj-s(y). Cairo JE 36970",Statue,Block statue,"""Black"" Granite",38,,,,,,, T.I.P. 25th dyn. Shabaka,,,
58,K 182,"Block statue of Ḥrj, son of Nsr-jmn and Tȝ-bȝkt-n-Mwt. Cairo CG 42219",Statue,Block statue,Hard crystalline limestone,46,,,,,"JE: 48
Brandl:2008 = CG",Almost complete, T.I.P. 22nd-23rd dyn.,,10/4/1904,
59,K 184,Block statue of Pȝ-dj.f. Cairo JE 37022 (= CG 42277*),Statue,Block statue,Limestone,18,,,,,,, T.I.P.-Late Period trans. 25th-26th dyn.,,10/4/1904,
60,K 185,"Block statue of Ḫȝ-m-Ḥr (“C”), son of Rʿ-m-mȝʿ-ḫrw and Kwkw. Cairo CG 42250",Statue,Block statue," ""Grey"" granite",35,,,,,,Complete, T.I.P.-Late Period trans. 25th-26th dyn.,,10/4/1904,
61,K 186,"Block statue of Ns-pȝ-qȝ-šwty, son of Ns-Šw-Tfnwt. Cairo JE 36964",Statue,Block statue,"""Black"" Granite",32,,,,,,, Late Period 26th dyn.,,,
62,K 188,"Block statue of Pȝ-dj-Ḥr-pȝ-Rʿ, son of Kȝp.f-ḥȝ-Mnṯw. Cairo JE 37021",Statue,Block statue,Limestone,14,,,,,,, Ptolemaic Period,,11/4/1904,
63,K 189,"Block statue of Wsr-Ḫnsw, son of Ḥr-sȝ-Ȝst and Ns-Tfnwt. Cairo JE 37431",Statue,Block statue,Hard crystalline limestone,24.5,,,,,,, Late Period-Ptolemaic Period,,,
64,K 192,"Block statue of Ns-pȝ-sfj, called Snw-šrj, son of Pȝ-Ḫȝrw. Cairo JE 36971 (= CG 42258*)",Statue,Block statue,Limestone,39,22,,29.5,,"EMD: 40
———
Jansen-Winkeln:2001
Hauteur: 38 /Socle profondeur: 29,8 / largeur: 18,5/ hauteur 4,9 (+ x)",, T.I.P. 22nd-23rd dyn.,,14/4/1904,
65,K 194,"Block statue of Bn-jw-thj-Ḥr, son of Pȝ-dj-Jmn-nb-nswt-tȝwy and Jrty-r.w. Cairo JE 36983",Statue,Block statue,Basalt,37.5,16.3,,23.3,,"Jansen-Winkeln:2001, Largeur et Profondeur du socle
Hauteur JE: 38",Complete, Late Period-Ptolemaic Period,,14/4/1904,
66,K 195,"Block statue of Jry-jry, son of Ḥr and Tȝ-šrjt-Mnw. Cairo JE 36977",Statue,Block statue,"""Black"" Granite",38.2,15,,22,,,Complete, Late Period-Ptolemaic Period,,14/4/1904,
67,K 196,"Block statue of Kȝp.f-ḥȝ-Mnṯw, son of Jmn-m-jpt and of Tȝ-šrjt-Mnw. Cairo T.R. 9/6/24/3",Statue,Block statue,"""Black"" Granite",46.4,18.5,,24,,Jansen-Winkeln:2001 Profondeur et largeur du socle,Complete, Late Period-Ptolemaic Period,,14/4/1904,
68,K 198,"Block statue of Ḏd-Ḫnsw-jw.f-ʿnḫ, son of Ḥr-sȝ-Ȝst. Cairo JE 36992",Statue,Block statue,"""Black"" Granite",19,,,,,,, T.I.P.-Late Period trans. 25th-26th dyn.,,,
69,K 202,Block statue of Ḥr son of Nsr-Jmn and of Ḏd-Mwt-jw.s-ʿnḫ. Cairo CG 42223,Statue,Block statue,Calcite,45,,,,,Brandl:2008 = CG,Complete, T.I.P. 22nd-23rd dyn. Osorkon III,,15/4/1904,
70,K 206,"Block statue of Ḏd-Ḫnsw-jw.f-ʿnḫ, son of Pȝ-mj. Cairo CG 42217",Statue,Block statue," ""Grey"" granite",42.2,19.7,,30.5,,"JE 36955 : 42
JE 36992bis : 43
CG 42217 (= JE 36955) : 43",Complete, T.I.P.-Late Period trans. 25th-26th dyn.,,16/4/1904,
71,K 209,"Block statue of Ns-bȝ-nb-Ḏd, son of Pȝ-ḫȝr-Ḫnsw. Cairo JE 36978",Statue,Block statue,"""Black"" Granite",40,,,,,,, Late Period,,16/4/1904,
72,K 210,"Block statue of Pȝ-n-ww-Pqr, son of Jʿḥ-wbn. Cairo JE 36938 (= CG 42271*)",Statue,Block statue,Greywacke,32.5,16,,24,,"Brandl:2008 = Goyon, Cardin:2004
sauf:
Pr.	23.5",Almost complete, T.I.P. 22nd-23rd dyn.,,17/4/1904,
73,K 211,"Block statue of ʿnḫ-pȝ-ẖrd, son of Pȝ-dj-nfr-ḥtp. Cairo JE 37023",Statue,Block statue,Limestone,21,,,,,,, Late Period,,18/4/1904,
74,K 212,"Block statue of Ms-nfr. Alexandria, National Museum 68 (= Cairo JE 37013)",Statue,Block statue,Basalt,21,,,,,,Complete, New Kingdom,,18/4/1904,
75,K 213,"Block statue of Ḏd-Jmn-jw.f-ʿnḫ, son of Nhm-sw-Mwt. Cairo JE 37018 (= CG 42272*)",Statue,Block statue,Limestone,29,,,,,,, T.I.P. 25th dyn.,,18/4/1904,
76,K 214,"Block statue of Jrt-Ḥr-r.w, whose beautiful name is Ḏd-Ḫnsw-jw.f-ʿnḫ. Cairo CG 48627",Statue,Block statue,Greywacke,32.4,,,,,JE: 33,Complete, Late Period 26th dyn. Psammetichus I,,17/4/1904,
77,K 216,"Block statue of Pȝ-dj-mwt, son of Ns-pȝwty-tȝwy. Cairo CG 42215",Statue,Block statue," ""Grey"" granite",35,13.5,,19.5,,CG: 35,Almost complete, T.I.P. 22nd dyn.,,16/4/1904,
78,K 217,"Block statue of Wsjr-wr, son of Ns-pȝwty-tȝwy and Ns-Tfnwt. Cairo JE 36959",Statue,Block statue,Limestone,36,,,,,,, Ptolemaic Period,,1904,
79,K 218,Block statue of Jmn-ḥtp. Cairo JE 36966,Statue,Block statue,Limestone,34,,,,,,, Ptolemaic Period,,16/4/1904,
80,K 219,"Block statue of Ddjȝ, son of Ḥȝtjȝy. Cairo CG 42122",Statue,Block statue holding basin,"""Black"" Granite",50,,,,,,, New Kingdom 19th dyn. Sety I,,16/4/1904,
81,K 225,Block statue of Ṯȝ-nfr. Cairo JE 36979,Statue,Block statue,"""Black"" Granite",52,,,,,,, New Kingdom 19th dyn.,,20/4/1904,
82,K 231,"Block statue of Psmṯk, son of Ḥr-sȝ-Ȝst and Tȝ-šrjt-n-Bȝstt. Cairo JE 36975",Statue,Block statue,Limestone,32,,,,,,, Late Period-Ptolemaic Period Ptolemies ?,,,
83,K 233,Block statue of Ns-Ptḥ. Cairo CG 42235 (+ Cairo RT 18/12/28/25),Statue,Block statue,Limestone,20,11,,11*,,"Les dimensions de cette statuette fragmentaire étaient contradictoires entre:
• JE qui donnait: “haut. 0,16 m (0,20 Head found)” et
• CG (sans photo), où cette statue donnée pour acéphale par Legrain (« Il ne reste que trois morceaux de cette statuette. La tête manque ainsi que la partie postérieure gauche du corps »), fait pourtant aussi 20 cm.
Après vérification la statue est composée de fragments remontés (dont la moitié d’une tête) et les mesures prises sont données ci-dessus.
[EJ/FP — 24/03/2007 et 13/05/2008]
Les dimensions de RT 18/12/28/25 sont à prendre en compte [LC — 23/6/2009]
[Dimensions RT 18/12/28/25: H. 6,5, larg. 6, prof. 7 (Vérif. Ss-Sol du 28/05/2008)]",En morceaux disjoints, T.I.P. 25th dyn. Shabataka,,23/4/1904,
84,K 234,"Block statue of Ns-pȝ-sfj, called Snw-šrj, son of Pȝ-Ḫȝrw. Cairo JE 36998 (= CG 42257*)",Statue,Block statue,Limestone,21,11,,10,,"Jansen-Winkeln:2001
Hauteur: 21 / Socle profondeur: 15/ largeur: 10/ hauteur: 2,9",, T.I.P. 22nd-23rd dyn.,,23/4/1904,
85,K 236,"Block statue of J-jry, son of Kȝp.f-ḥȝ-Mnṯw and Mry-Mwt. Cairo JE 36945",Statue,Block statue,"""Black"" Granite",49,18,,23,,Jansen-Winkeln:2001 Largeur et Profondeur du socle,Complete, Late Period-Ptolemaic Period,,23/4/1904,
86,K 236bis,"Block statue of ʿnḫ-pȝ-ẖrd, son of Pȝ-jw-n-Ḥr. Cairo JE 37154",Statue,Block statue,"""Black"" Granite",42,,,,,,, Ptolemaic Period,,23/4/1904,
87,K 237,"Block statue of Ḥr-sȝ-Ȝst, son of Ns-Ptḥ. Cairo CG 42247",Statue,Block statue,Limestone,17,,,,,,Broken (head and feet missing), T.I.P.-Late Period trans. 25th-26th dyn.,,23/4/1904,
88,K 237bis,"Block statue of Ḥr-sȝ-Ȝst, son of Pȝ-dj-nfr-ḥtp. Cairo RT 18/12/24/3",Statue,Block statue,Limestone,35,,,,,,, Ptolemaic Period,,,
89,K 243,"Block statue of Nḫt.f-Mwt (A), called Ḏd-Ḏḥwty-jw.f-ʿnḫ, son of Ḏd-Ḫnsw-jw.f-ʿnḫ and Ns-Ḫnsw-pȝ-ẖrd, with figure of Ptah. Cairo CG 42209",Statue,Block statue with figure of deity (Ptah),Limestone,42,,,,,"Idem Brandl:2008
JE: 41",Almost complete, T.I.P. 22nd dyn. Osorkon II,,24/4/1904,
90,K 244,"Block statue of Pȝ-mj, Third Prophet of Amun. Cairo JE 36940 (= CG 42275*)",Statue,Block statue,Basalt,32,,,,,,, T.I.P. 22nd-23rd dyn.,,24/4/1904,
91,K 246,Block statue of Swty holding ram-headed standard. Cairo CG 42172,Statue,Block statue holding ram-headed standard,"""Black"" Granite",48,30,,38.5,,"JE: 49
CG: 47.5",Broken (lower part missing), New Kingdom 19th dyn. Ramesses II,,24/4/1904,
92,K 247,Block statue of Ḥȝt-jȝy. Cairo JE 37433,Statue,Block statue holding sistrum,Basalt,14,,,,,,, New Kingdom,,,
93,K 248,Block statue of Ḏd-Mwt-jw.f-ʿnḫ. Cairo JE 37430,Statue,Block statue,Limestone,16,,,,,,Broken (head missing), T.I.P.,,24/4/1904,
94,K 249,"Block statue of ʿnḫ.f-n-Jmn, son of Ns-Jmn. Cairo JE 37439",Statue,Block statue,Limestone,17,,,,,Brandl:2008 = JE,, T.I.P.-Late Period trans. 22nd-23rd-25th dyn.,,24/4/1904,
95,K 254,"Block statue of Bȝ-sȝ, son of Jmn-m-jnt. Cairo JE 37219",Statue,Naophorous block statue (Ptah),Basalt,28,,,,,,, Late Period 26th dyn. Psammetichus I,,26/4/1904 (H.C.),
96,K 257,"Block statue of Bs-n-mwt, son of ʿnḫ.f-n-Ḫnsw and Ns-Ḫnsw. Cairo CG 48617",Statue,Block statue,Basalt,38.4,,,,,JE: 38,Complete, Late Period 26th dyn. Psammetichus I,,4/5/1904,
97,K 259,"Block statue of Pȝ-dj-Jmn-nb-nswt-tȝwy, son of ʿnḫ-pȝ-ẖrd and Ns-Ḥr-pȝ-Rʿ. Cairo JE 37152",Statue,Block statue,"""Black"" Granite",33,,,,,,, Ptolemaic Period,,,
98,K 263,Block statue of ʿnḫ-Ḥr. Cairo JE 37192,Statue,Block statue,Limestone,49,,,,,,, Late Period-Ptolemaic Period,,,
99,K 266,"Block statue of Bnr-mrwt, son of Tḫ-m-šȝ called Jḫm [M], holding Princess Meritamun. Cairo CG 42171",Statue,Block statue holding a child,"""Black"" Granite",70,33,,41,,,, New Kingdom 18th dyn. Tuthmosis III-Amenhotep II,,5/5/1904,
100,K 269,"Block statue of Ḏd-Ptḥ-jw.f-ʿnḫ, son of Ḥr and Nḫt-ȝst. Cairo CG 48637",Statue,Block statue,Greywacke,43.6,,,,,JE: 44,Almost complete, Late Period 26th dyn. Psammetichus I,,5/5/1904,
101,K 271,Block statue of Pȝ-dj-Ḥr-mtnw. Cairo CG 48640,Statue,Block statue,Granite,45.2,,,,,JE: 44,Broken (lower part missing), Late Period 26th dyn. Psammetichus I,,5/5/1904,
102,K 272,"Block statue of Mnṯw-m-ḥȝt, son of Rȝ-ḥȝt and Tȝ-djt-jw (?). Cairo JE 36905bis",Statue,Block statue,Siltstone,45,,,,,,, Late Period-Ptolemaic Period 30th dyn.-Ptolemies,,5/5/1904,
103,K 281,"Block statue of Ḥr-sȝ-Ȝst, son of Mr-n-Ḫnsw. Cairo JE 36967 (= CG 42274*)",Statue,Block statue,"""Black"" Granite",42,20.7,,28.2,,JE: 42,, T.I.P. 22nd-23rd dyn.,,6/5/1904,
104,K 283,"Block statue of ʿnḫ-pȝ-ẖrd, son of Pȝ-jw-n-Ḥr. Baltimore, WAG/WAM 167 (22.178) (= ex-Cairo JE 37127)",Statue,Block statue,"""Black"" Granite",27.5,,,,,,, Late Period-Ptolemaic Period,,,
105,K 285,"Block statue of Ḏd-Jn-ḥrt-jw.f-ʿnḫ, son of Ns-pȝ-qȝ-šwty. Cairo JE 37014",Statue,Block statue,Limestone,23,,,,,,, T.I.P.-Late Period trans. 25th-26th dyn.,,6/5/1904,
106,K 287,Block statue of Jmn-ms. Cairo JE 36997bis (= CG 42255*),Statue,Block statue,Limestone,18,,,,,Brandl:2008 = JE,, T.I.P. trans. 22nd-23rd-25th dyn.,,6/5/1904,
107,K 289,"Block statue of Ḥr-m-ȝḫ-bjt, called Wsjr-wr, son of Pȝ-Mnṯw (called Pȝ-ḫȝr-Ḫnsw) and Ns-Ḫnsw. Cairo JE 36984",Statue,Block statue,"""Black"" Granite",55,,,,,,Almost complete, Ptolemaic Period Ptolemies Ptolemy II,,6/5/1904,
108,K 295,Block statue of Ḏd-Mwt-jw.f-ʿnḫ. Cairo JE 37437 (= CG 42259*),Statue,Block statue,Limestone,18,7.8,,12,,JE: 18,, T.I.P. 22nd-23rd dyn.,,6/5/1904,
109,K 300,"Block statue of Ḥr, son of ʿnḫ-Ḥp and Qqj. Cairo T.R. 13/6/24/2",Statue,Block statue,Granite,36.7,,,,,,, Late Period-Ptolemaic Period,,,
110,K 301,"Block statue of Pȝ-ḫȝr-Ḫnsw, son of Pȝ-dj-Jmn-nb-nswt-tȝwy and Dj-Ȝst-ḥb-sd. Cairo JE 36980",Statue,Block statue,"""Black"" Granite",41,,,,,,, Late Period 26th dyn. Psammetichus I,,7/5/1904,
111,K 305,"Block statue, holding ram-headed standard, of Jmn-ms, son of Pȝ-wjȝ and Nbt-Jwnt. Cairo CG 42177",Statue,Block statue holding ram-headed standard,Green hard stone,35.1,,,,,JE: 34 / CG: 35,Almost complete, New Kingdom 20th dyn. Ramesses III,,8/5/1904,
112,K 307,"Block statue of Ḫȝ-m-ḥr, son of Ḥr-sȝ-Ȝst. Cairo CG 42234",Statue,Block statue," ""Grey"" granite",58,,,,,JE: 59,Complete, T.I.P. 25th dyn.,,8/5/1904,
113,K 308,"Block statue of Ḥr-sȝ-Ȝst, son of Pȝ-dj-Ȝst. Cairo CG 42233",Statue,Block statue,"""Black"" Granite",50.5,,,,,JE: 52,Almost complete, T.I.P. 25th dyn.,,8/5/1904,
114,K 309,"Block statue of Ṯȝ-n-Wȝst, son of Ḥr-sȝ-Ȝst. New York, MMA 35.9.1 (ex-Cairo JE 37003)",Statue,Block statue,"""Black"" Granite",25,,,,,,, T.I.P.-Late Period trans. 25th-26th dyn.,,8/5/1904,
115,K 310bis,"Block statue of ʿnḫ-pȝ-ẖrd, son of Wsr-Ḫnsw and Nḥm-s(y)-Rʿt-tȝwy. Cairo JE 37168",Statue,Block statue,"""Pink"" granite",44,,,,,,Complete, Late Period-Ptolemaic Period,,8/5/1904,
116,K 311,"Block statue of Ns-pȝwty-tȝwy, son of ʿnḫ.f-n-Ḫnsw. Beni Suef, Beni Suef Museum  no 1645 (= Cairo JE 37322)",Statue,Block statue,"""Black"" Granite",66,,,,,CLES 1478: 59-60 cm ?,, Ptolemaic Period,,,
117,K 312,"Block statue of Nb-nṯrw, son of Ḥr. Cairo JE 37422",Statue,Block statue,Quartzite,20.6,12,,,,JE: H 20,, T.I.P.-Late Period 25th dyn.,,,
118,,"Block statue of Wsr-Ḫnsw, son of Kȝp.f-ḥȝ-Ḫnsw and Dj-s(y)-Ȝst (?). Cairo T.R. 10/12/24/3",Statue,Block statue," ""Grey"" granite",32.3,,,,,,, Late Period-Ptolemaic Period,,,
119,K 314,"Block statue of Ns-bȝ-nb-Ḏd, called Ḥȝḥȝt, son of Ns-Mnw and Nḥm-s(y)-Rʿt-tȝwy. Cairo JE 36985",Statue,Block statue,"""Black"" Granite",46,,,,,,, Late Period,,8/5/1904,
120,K 315bis,"Block statue of Pȝ-dj-Jmn-nb-nswt-tȝwy, son of Pȝ-jw-n-Ḥr and Ȝst-wrt. Cairo JE 37167",Statue,Block statue,"""Black"" Granite",41.5,17.6,,25.8,,Jansen-Winkeln:2001 Largeur et Profondeur du socle,, Ptolemaic Period Ptolemies,,,
121,K 316,"Block statue of Ḫnsw-jr-dj.s, son of Pȝ-dj-Jmn. Cairo JE 36941",Statue,Block statue,"""Black"" Granite",34,,,,,,, Late Period,,8/5/1904,
122,K 317bis,"Block statue of Ḏd-Ḫnsw-jw.f-ʿnḫ, son of Pȝ-ḫȝr-Ḫnsw. Alexandria, Bibliotheca Alexandrina BAAM 597 (= Cairo JE 37104)",Statue,Block statue,Siltstone,44,16.5,,21.5,,Jansen-Winkeln:2001 Largeur et Profondeur du socle,Complete, Ptolemaic Period,,8/5/1904,
123,K 318,"Block statue of Pȝ-dj-Jmn-nb-nswt-tȝwy, son of Ḥr and Ȝst-rš.tj. Cairo JE 36958",Statue,Block statue,"""Black"" Granite",38,,,,,,, Ptolemaic Period Ptolemies,,8/5/1904,
124,K 320,"Block statue of Pȝy.f-ṯȝw, son of Pȝ-mj. Cairo JE 36969",Statue,Block statue,Steatite,29,,,,,,, T.I.P.-Late Period trans. 25th-26th dyn.,,8/5/1904,
125,K 321,"Block statue of Jrt-Ḥr-r.w, son of Ḏd-mȝʿt-nḫt. Cairo JE 36996",Statue,Block statue,Limestone,19,,,,,,, T.I.P.-Late Period trans. 25th-26th dyn.,,8/5/1904,
126,K 322bis,"Block statue of [...], son of Wḏȝ-Ḫnsw. Cairo T.R. 18/6/24/3",Statue,Block statue,Limestone,27.8,,,,,,, T.I.P. 25th dyn.,,,
127,K 323,"Block statue of ʿnḫ-Ḥr, son of Pȝ.s-ṯnf.j. Cairo JE 42894 (= CG 42270*)",Statue,Block statue,Limestone,52,,,,,,, T.I.P.-Late Period trans. 25th-26th dyn.,,8/5/1904(?),
128,K 324,Block statue of Ḥr-n-tȝ-bȝt holding Abydene fetish. Cairo JE 37211,Statue,Block statue with figure of deity (Abydene fetish),Limestone,28,10,,14,,JE: 28,Broken (head missing), Late Period 26th dyn. Necho II,,,
129,K 325,Block statue of Wȝḥ-jb-Rʿ-ḫw. Cairo JE 37432,Statue,Block statue,"""Black"" Granite",19,,,,,,, Late Period,,,
130,K 326bis,"Block statue of Pȝ-dj-Jmn-nb-nswt-tȝwy, son of Pȝ-dj-ʿ.s and Ȝst-m-Ȝḫ-bjt. Cairo JE 36989",Statue,Block statue,Basalt,33,,,,,,, Late Period-Ptolemaic Period 30th dyn.-Ptolemies,,8/5/1904,
131,K 327,"Block statue of Pȝ-dj-Ḥr-pȝ-Rʿ, son of Jmn-m-jpt and Dj-s(y)-Ȝst. Cairo, Airport Museum, unknown number (ex-Cairo JE 37363)",Statue,Block statue,"""Black"" Granite",30,,,,,,, Ptolemaic Period Ptolemies,,,
132,K 340,"Block statue of Ḥr-wḏȝ, son of Ḥȝrwȝ. Cairo CG 48626",Statue,Block statue,Diorite,40.5,,,,,,, Late Period 26th dyn. Psammetichus I,,22/5/1904,
133,K 342,"Block statue of Pȝ-šrj-Ḫnsw, son of Pȝ-dj[...] and Ḫȝʿ-s(t)-Jmn-jpt. Cairo JE 37181bis",Statue,Block statue,Hard crystalline limestone,30.1,,,,,JE: 29,, Late Period,,22/5/1904,
134,K 345,Block statue (anepigraphic) holding ram-headed standard. Cairo JE 37174,Statue,Block statue holding ram-headed standard,"""Black"" Granite",40,18,,34,,JE: 41,, New Kingdom 19th dyn.,,22/5/1904,
135,K 347,"Block statue of Nb-nṯrw, son of Nsr-Jmn and Ḏd-Mwt-jw.s-ʿnḫ. Alexandria, National Museum 117 (= Cairo CG 42225)",Statue,Block statue," ""Grey"" granite",110,62,,65,,CG: 110,Complete, T.I.P. 22nd dyn. Osorkon II,,23/5/1904,
136,K 349,"Naophorous block statue of Ḫʿy, son of Hȝjȝ and Ddt-Nwbt(?), with figures of Amun and Mut. Cairo CG 42165",Statue,Naophorous block statue (Amun and Mut),"""Black"" Granite",74,31,,45,,"JE: 74
CG: 73",Almost complete, New Kingdom 19th dyn. Ramesses II,,23/5/1904,
137,K 351,"Block statue of Ḥr, son of ʿnḫ-Ḫnsw. Cairo CG 48624",Statue,Block statue,Greywacke,50.6,,,,,"JE: 51
Tiradritti et alii:1998",Complete, T.I.P.-Late Period trans. 25th-26th dyn.,,24/5/1904,
138,K 355,"Block statue of Jy-m-ḥtp, son of Pȝ-km and Tȝ-šrjt-Ḫnsw. Cairo JE 37181",Statue,Block statue,Limestone,30,,,,,,, Ptolemaic Period,,,
139,K 356,"Block statue of Ḥr, son of Nsr-Jmn. Cairo CG 42222",Statue,Block statue,Limestone,43.5,,,,,"JE: 44
Brandl:2008 = CG",, T.I.P. 22nd-23rd dyn. Osorkon III,,25/5/1904,
140,K 357,"Block statue of Pȝ-jw-n-Ḥr, son of Pȝ-rd and Ȝst-Ȝḫ-bjt. Cairo JE 37335",Statue,Block statue,Limestone,59.5,25,,36,,,, Ptolemaic Period,,,
141,K 359,"Block statue of [Bs]-n-Mwt, son of Wn-nfr. Cairo JE 37183",Statue,Block statue,Green hard stone,23,12,,18,,Brandl:2008 = JE: 22,, T.I.P. 25th dyn.,,,
142,K 361,Block statue. Cairo JE 37180,Statue,Block statue,Green hard stone,24,,,,,,, Date unknown,,,
143,K 362,Block statue of ʿnḫ-pȝ-ẖrd. Cairo JE 37434,Statue,Block statue,Hard crystalline limestone,21.7,,,,,"JE: 20,5",, Late Period 26th dyn.,,,
144,K 364,"Block statue of  Pȝ-ȝḫ-rȝ.f, son of Ḥr-sȝ-Ȝst and ʿȝt-wbḫt, holding sistrum. Cairo CG 48642",Statue,Block statue holding sistrum,Greywacke,48,22,,32,,,Complete, Late Period 26th dyn. Psammetichus I,,30/5/1904,
145,K 365,"Block statue of Ns-bȝ-nb-Ḏd, son of Pȝ-ḫȝr-Ḫnsw and Nḥm-s(y)-Rʿt-tȝwy. Baltimore, WAG/WAM 163 (22.165) (ex-Cairo JE 37165)",Statue,Block statue,"""Black"" Granite",36,,,,,,, Late Period-Ptolemaic Period,,,
146,K 366,"Block statue of Ḥr-m-ȝḫt, son of Pȝ-dj-Jmn-m-jpt and Jrty-r.w. Cairo JE 37199",Statue,Block statue,"""Black"" Granite",34,18,,24.7,,"Hauteur JE: 34,5
Jansen-Winkeln:2001 Largeur et Profondeur du socle",Complete, Late Period-Ptolemaic Period,,,
147,K 367,"Block statue of Ḥr, son of Pȝ-dj-Jmn-nb-nswt-tȝwy and Nȝ-jr-s. Cairo JE 37205",Statue,Block statue,Limestone,28,,,,,,, Late Period 26th dyn.,,,
148,K 368,Block statue of ʿnḫ.f-n-Jmn. Cairo JE 37201,Statue,Block statue,Limestone,30.5,,,,,,, T.I.P. 25th dyn.,,,
149,K 369,Block statue of Šd-sw-Ḫnsw. Cairo CG 42131,Statue,Block statue,Limestone,24,17,,16,,"JE: 24
CG: 25",Broken (head and feet missing), T.I.P. 21st-22nd dyn.,,1/6/1904,
150,K 373,"Block statue of Ȝḫ-Jmn-r.w, son of Pȝ-kjry. Kharga Museum Inv. 1587 (= Cairo CG 48602)",Statue,Block statue,Diorite,51,,,,,,Complete, T.I.P. 25th dyn. Taharqa,,1904,
151,K 378,"Block statue of Ḏd-Ḫnsw-jw.f-ʿnḫ, son of Ḥr-sȝ-Ȝst. Cairo CG 42211",Statue,Block statue,Limestone,40,,,,,Idem Brandl:2008,Almost complete, T.I.P. 22nd-23rd dyn. Osorkon III-Takelot III,,3/6/1904,
152,K 381,"Block statue of Ns-bȝ-nb-Ḏd, son of Jrty-r-ṯȝy and ẖrdw-ʿnḫ. Cairo JE 37157",Statue,Block statue,Granite,34,,,,,,, Ptolemaic Period,,,
153,K 382,"Block statue of Ḥr, son of Jy-m-ḥtp and Kr-hb. Cairo JE 37185",Statue,Block statue,Hard crystalline limestone,35.5,,,,,,, Ptolemaic Period Ptolemies Ptolemy IV,,4/6/1904,
154,K 383,"Block statue of Ḥr, son of Nb-nṯrw. Cairo JE 37344",Statue,Block statue,Limestone,28.2,16,,,,JE: H 28,, T.I.P.-Late Period trans. 25th-26th dyn.,,4/6/1904,
155,K 384,"Block statue of Pȝ-dj-Jmn-jpt, son of N(ȝ)-mnḫ-Ȝst (M), with figure of Osiris. Cairo JE 37361",Statue,Block statue with figure of deity (Osiris),Limestone,25,,,,,,, T.I.P.-Late Period trans. 25th-26th dyn.,,1904,
156,K 386,"Block statue of Wȝḥ-jb-Rʿ, son of Pȝ-dj-Jmn-nb-nswt-tȝwy and Tȝy-Jmn-nb-nswt-tȝwy. Cairo JE 37198",Statue,Block statue,Limestone,25,14,,21.5,,JE: 26,Broken (head missing), Late Period-Ptolemaic Period,,,
157,K 387,"Block statue of Jmn-m-jpt, son of Kȝp.f-ḥȝ-Mnṯw and Tȝ-šrjt-Mnw. Alexandria, National Museum 125 (Cairo JE 37170)",Statue,Block statue,"""Black"" Granite",44.5,16,,25,,"Jansen-Winkeln:2001 Largeur et Profondeur: du socle.
—————
JE: 44 (H)",Complete, Late Period-Ptolemaic Period 30th dyn.-Ptolemies,,,
158,K 388,"Block statue of Ḥr, son of Nsr-jmn and Ḏd-Mwt-jw.s-ʿnḫ. Cairo CG 42227",Statue,Block statue,Calcite,60,28,,41,,JE: 61,Complete, T.I.P. 23rd dyn. Pedubastis I,,4/6/1904,
159,K 389,"Block statue of Jw.f-ʿȝ, son of Pȝ-n-mw-(n)-Mwt. Cairo JE 37374 (= CG 42254*)",Statue,Block statue,Limestone,49.5,24.5,,34.5,,"JE: 49,5
———
Brandl:2008
H. relief av.		16.5
l. relief av.		19.5",Almost complete, T.I.P. 22nd dyn. Horsiesis,,4/6/1904,
160,K 390,"Block statue of Jw.f-ʿȝ, son of Pȝ-n-mw-(n)-Mwt. Cairo JE 37348",Statue,Block statue,Limestone,54,27,,34,,"Brandl:2008 = Payraudeau:2005
+
H. visage	8.5
H. base	8.5 (avant)",, T.I.P. 22nd dyn. Horsiesis,,,
161,K 391,Block statue of Ḏd-ḫnsw-jw.f-ʿnḫ. Cairo JE 37212,Statue,Block statue,Limestone,17,12,,13,,JE: 16,Broken (head and feet missing), T.I.P.,,1904,
162,K 392,"Block statue of Ns-ẖmnyw, son of Kȝp.f-ḥȝ-Mnṯw and of Tȝ-šrjt-Mnw. Cairo JE 37128",Statue,Block statue,"""Black"" Granite",42,16.5,,23.5,,,Complete, Late Period-Ptolemaic Period 30th dyn.-Ptolemies,,,
163,K 394,"Block statue of Ḥr-ȝḫ-bjt, son of Sr-Ḏḥwty and Tȝ-bȝkt-Ḫnsw. Cairo JE 37184",Statue,Block statue,Limestone,21,10.5,,15.5,,"JE: 21
———
Brandl:2008
H.	21.5
l.	11.3
Pr.	15.5
H. visage	3.3
H. base	3.7",, T.I.P. 22nd-23rd dyn.,,4/6/1904,
164,K 395,"Block statue of Ns-pȝ-mdw, son ofʿnḫ-pȝ-ẖrd and Ȝst-wrt. Cairo JE 37169",Statue,Block statue,"""Black"" Granite",41,15,,23.6,,Jansen-Winkeln:2001 Largeur et Profondeur du socle,Complete, Ptolemaic Period,,,
165,K 398,"Block statue of Pȝ-jw-n-Ḥr, son of Pȝ-rd and Ȝst-Ȝḫ-bjt. Cairo JE 37350",Statue,Block statue,"""Black"" Granite",57,,,,,,, Ptolemaic Period,,,
166,K 403,"Block statue of ʿnḫ-nȝ-hbw, son of Wnn-nfr and Mwt-ms. Cairo JE 37163",Statue,Block statue,"""Black"" Granite",29,,,,,,, T.I.P.-Late Period trans. 25th-26th dyn.,,,
167,K 404,Block statue of Ns-pȝ-nṯr-n-ḏr-ʿ. Cairo JE 37323 (= CG 42265*),Statue,Block statue,Limestone,47,23.5,,36.5,,JE: 47,, T.I.P. 22nd dyn. Osorkon I,,5/6/1904,
168,K 405,Block statue of Wḏȝ-Ḥr. Cairo JE 37153,Statue,Block statue,"""Black"" Granite",41,,,,,,, T.I.P. 25th dyn.,,,
169,K 408,"Block statue of Ḏd-ḥr, son of Ṯȝ-nfr and Dj-s(y)-Ȝst. Cairo JE 37354",Statue,Block statue,"""Black"" Granite",56,24,,30,,"Jansen-Winkeln:2001: Hauteur: 55,5; Profondeur (socle): 30,5; Largeur (socle): 24; Hauteur du socle: 10.",Complete, Late Period 30th dyn. Nectanebo I,,,
170,K 409,"Block statue of Jmn-wȝḥ-sw, with figure of Amenhotep I. Cairo CG 42183",Statue,Block statue with figure of deity (Amenhotep I)," ""Grey"" granite",26,11,,17.5,,CG: 25.5,Almost complete, New Kingdom 19th dyn. Ramesses II-Merenptah,,5/6/1904,
171,K 411,"Block statue of Ns-pȝ-ḥr-n-tȝ-ḥȝt, son of Ns-pȝwty-tȝwy. Cairo CG 42189",Statue,Block statue,"""Black"" Granite",62,33,,,,CG: 62,, T.I.P. 22nd dyn. Osorkon I,,5/6/1904,
172,K 291,"Block statue of Ns-Mnw, son of Pȝ-dj-Jmn-nb-nswt-tȝwy and Nfrt-jwtj. Cairo JE 37191",Statue,Block statue,Limestone,38,,,,,,Broken (head missing), Late Period-Ptolemaic Period 30th dyn.-Ptolemies,,,
173,K 416,"Block statue of Ḏd-Ḥr, called Ḥr-m-ḥb, son of Ṯȝ-nfr and Tȝ-Jmnt. Cairo JE 37200",Statue,Block statue,Limestone,32.5,16,,22.5,,JE: 32,, Ptolemaic Period,,5/6/1904,
174,K 422,"Block statue of Bn-jw-thj-Ḥr, son of Pȝ-dj-Jmn-nb-nswt-tȝwy, Third Prophet of Amun, and Šp-n-Mwt. Cairo CG 48622",Statue,Block statue,Greywacke,29.4,,,,,JE: 31,Complete, Late Period 26th dyn. Psammetichus I,,,
175,K 425,"Block statue of Sr-Ḏḥwty, son of Wn-nfr and of ʿnḫ-n.s-Nfr-jb-Rʿ. Cairo CG 48605",Statue,Block statue,Basalt,36.4,,,,,,Complete, Late Period 26th dyn.,,6/6/1904,
176,K 426,"Block statue of Jmn-ḥtp, son of Ns-mnw and Sṯȝ-jrt-bjnt. Cairo JE 37193",Statue,Block statue,"""Black"" Granite",46,22,,29,,JE: 46,, Late Period-Ptolemaic Period 30th dyn.-Ptolemies,,6/6/1904,
177,K 427,"Block statue of Hr.s-n.f, son of Jrt-Ḥr-r.w and Ȝst-wrt. Cairo JE 37141",Statue,Block statue,"""Black"" Granite",46,,,,,,, Ptolemaic Period,,,
178,K 428,"Block statue of Pȝ-mj, son of Ḏd-Ḫnsw-jw.f-ʿnḫ. Cairo JE 37147",Statue,Block statue," ""Grey"" granite",34.8,15.8,,23,,JE : H. 34,Almost complete, T.I.P.-Late Period trans. 25th-26th dyn.,,,
179,K 431,"Block statue of Jrty-r-ṯȝj, son of Ns-pȝwty-tȝwy and Jrt-r.w. Cairo JE 37132",Statue,Block statue,Granite,31,,,,,,Almost complete, Late Period,,,
180,K 433,"Block statue of Rȝ-ḥȝt, son of Mnṯw-m-ḥȝt. Cairo JE 37342",Statue,Block statue,Siltstone,50.3,21.5,,28.5,,"hauteur JE: 50
—
largeur = largeur au niveau des bras; profondeur = profondeur base",, Late Period-Ptolemaic Period 30th dyn.-Ptolemies,,6/6/1904,
181,K 434,"Block statue of ʿnḫ-pȝ-ẖrd, son of Kȝp.f-ḥȝ-Ḫnsw and Mr-Jmn-jt.s. Cairo JE 37129",Statue,Block statue,"""Black"" Granite",47,15.5,,32.8,,Profondeur et Largeur sont celles du socle (Jansen-Winkeln:2001),, Late Period-Ptolemaic Period 30th dyn.-Ptolemies,,10/6/1904(?),
182,K 435,"Block statue of ʿnḫ.f-n-Ḫnsw, son of ʿȝ.f-n-Mwt. Cairo JE 37182",Statue,Block statue,Quartzite,25,,,,,,, T.I.P. trans. 22nd-23rd-25th dyn.,,,
183,K 437,"Block statue of Pȝ-dj-Jmn-nb-nswt-tȝwy, son of Ḥr. Cairo CG 48623",Statue,Block statue,Granite,32.4,,,,,JE: 34,Almost complete, T.I.P.-Late Period trans. 25th-26th dyn.,,,
184,K 438,"Block statue of Jw.f-ʿȝ, son of Pȝ-Nḥsy. Cairo JE 37364 (= CG 42261*)",Statue,Block statue,Limestone,19,,,,,JE: 22,Almost complete, T.I.P. 25th dyn.,,6/6/1904,
185,K 439,"Block statue of Ns-Mnw, son of Pȝ-dj-Jmn-nb-nswt-tȝwy and Jr-Mḥyt-wḏȝ-(n)-nfw. Cairo JE 37160",Statue,Block statue,Basalt,37,,,,,,, Late Period-Ptolemaic Period 30th dyn.-Ptolemies,,,
186,K 440,"Block statue of Ḏd-Ḫnsw-jw.f-ʿnḫ, son of Nḫt.f-Mwt. Cairo CG 48614",Statue,Block statue,"""Black"" Granite",22,,,,,,Almost complete, T.I.P. 23rd dyn.,,6/6/1904,
187,K 441,"Block statue of Nb-nṯrw, son of ʿnḫ-Wn-nfr (I). Cairo JE 37413",Statue,Block statue,"""Black"" Granite",22,,,,,,, T.I.P.-Late Period trans. 25th-26th dyn.,,6/6/1904,
188,K 442,"Block statue of Ns-Mnw, son of Ṯȝ-n-ḥsrt, with figure of Amun. Cairo JE 37435",Statue,Block statue with figure of deity (Amun),Siltstone,12,,,,,,Broken (head missing), T.I.P.-Late Period trans. 25th-26th dyn.,,6/6/1904,
189,K 443,"Block statue of ʿnḫ-pȝ-ẖrd, fils de Kȝp.f-ḥȝ[-Ḫnsw] and Mr-Jmn-jt.s. Cairo JE 37143",Statue,Block statue,"""Black"" Granite",33.5,14.5,,19.5,,JE : 33,, Late Period-Ptolemaic Period 30th dyn.-Ptolemies,,,
190,K 444,"Block statue of Ḏd-Ptḥ-jw.f-ʿnḫ, son of ʿnḫ-Ṯkrṯ and Jn.n-Jmn-nȝy.s-nbw. Cairo CG 42196",Statue,Block statue," ""Grey"" granite",30.5,15.5,,21,,"Hauteur: CG: 3
Largeur: CLES: “across arms”",Complete, T.I.P.-Late Period trans. 25th-26th dyn.,,7/6/1904,
191,K 445,"Block statue of Wsjr-wr, son of Hr.s-n.f and Dj-s(y)-Jmnt, with figure of Osiris. Cairo JE 37134",Statue,Block statue with figure of deity (Osiris),"""Black"" Granite",34,13,,20.5,,JE: 32,Almost complete, Late Period 30th dyn.,,7/6/1904,
192,K 446,"Block statue of Pȝ-dj-Jmn-jpt, son of N(ȝ)-mnḫ-Ȝst (M). Berlin, Ägyptisches Museum 23728 (ex-Cairo JE 37179)",Statue,Block statue,Quartzite,32,,,,,"JE: 31,5",Almost complete, T.I.P.-Late Period trans. 25th-26th dyn.,,,
193,K 447,"Block statue of ʿnḫ.f-n-Ḫnsw, son of Bs-n-Mwt. Cairo JE 37194",Statue,Block statue,Green hard stone,31,,,,,,, T.I.P. 25th dyn.,,,
194,K 448,Block statue of [...?]. Cairo T.R. 12/1/41/1,Statue,Block statue,Limestone,34,13,,19,,RT: 33,, Late Period-Ptolemaic Period,,,
195,K 449,"Block statue of Ns-Mnw, son of Kȝp.f-ḥȝ-Ḫnsw and Ns-Ḥr-pȝ-Rʿ. Baltimore, WAG/WAM 168 (22.183) (ex-Cairo JE 37164)",Statue,Block statue,"""Black"" Granite",36,,,,,,, Ptolemaic Period Ptolemies,,,
196,K 450,"Block statue of Pȝ-dj-Mnw, son of Pȝ-n-ḫtjw. Cairo JE 37415",Statue,Block statue,Limestone,25,,,,,,, Ptolemaic Period,,8/6/1904,
197,K 451,"Block statue of Ḫnsw-jr-ʿȝ, son of Ḥr-sȝ-Ȝst. Baltimore WAG/WAM 161 (22.141) (ex-Cairo JE 37411)",Statue,Block statue,"""Black"" Granite",31.4,,,,,JE: 33,Almost complete, T.I.P.-Late Period trans. 25th-26th dyn.,,,
198,K 452,"Block statue of Pȝ-ḫȝr-Ḫnsw, son of Pȝ-dj-ʿ.s and Ȝst-m-Ȝḫ-bjt. Cairo JE 37173",Statue,Block statue,"""Black"" Granite",48,,,,,JE: 48,, Late Period-Ptolemaic Period,,8/6/1904,
199,K 453,"Block statue of Ns-Mnw, son of Jʿḥ-ms and Dj-s-Jmn. Baltimore, WAG/WAM 162 (22.158) (ex-Cairo JE 37412)",Statue,Block statue,"""Black"" Granite",36.7,,,,,JE: 38,, Late Period-Ptolemaic Period 30th dyn.-Ptolemies,,,
200,K 454,"Block statue of Ḥr-sȝ-Ȝst, son of Pȝ-ḫȝr-Ḫnsw. Cairo CG 48619",Statue,Block statue,Greywacke,42.3,,,,,JE: 41,Complete, T.I.P.-Late Period trans. 25th-26th dyn.,,,
201,K 456,"Block statue of Ns-pȝwty-tȝwy, son of Wsjr-wr and Mwt-jr-dj.s. Cairo JE 37146",Statue,Block statue," ""Grey"" granite",33,,,,,JE: 31,Complete, Late Period-Ptolemaic Period 30th dyn.-Ptolemies,,,
202,K 458,"Block statue of Wsr-Ḫnsw, son of Kȝp.f-ḥȝ-Mnṯw and Ns-Ḫnsw. Cairo JE 37149",Statue,Block statue,"""Black"" Granite",47,17.9,,26.3,,Jansen-Winkeln:2001 : Largeur et Profondeur du socle,Complete, Ptolemaic Period,,8/6/1904,
203,K 459,"Block statue of Jḥȝt, son of Pȝ-n-Mȝʿt. Cairo JE 37148",Statue,Block statue,Granite,36.7,14.5,,23.5,,JE: 37,Complete, T.I.P.-Late Period trans. 25th-26th dyn.,,,
204,K 460,"Block statue of Ns-Mnw, son of Pȝ-dj-Jmn-nb-nswt-tȝwy and Nfrt-jwtj. Cairo JE 37178",Statue,Block statue,"""Black"" Granite",45,,,,,,, Late Period-Ptolemaic Period 30th dyn.-Ptolemies,,,
205,K 461,"Naophorous block statue of Pȝ-sr, with figure of Ahmosi Nefertere. Cairo CG 42179",Statue,Naophorous block statue (Ahmosi Nefertere)," ""Grey"" granite",42,20.5,,23,,"JE: 42
CG: 41.5",Almost complete, New Kingdom 20th dyn.,,8/6/1904,
206,K 463,"Block statue of Jmn-m-ḥȝt, called Jbȝy(?). Cairo JE 37355",Statue,Block statue,"""Black"" Granite",52,,,,,,, New Kingdom 18th dyn.,,,
207,K 464,Block statue of Jmn-m-Jpt. Cairo JE 37203,Statue,Block statue,Limestone,28.5,15,,19,,JE: 28,Broken (head missing), Late Period-Ptolemaic Period,,,
208,K 465,"Block statue of Ḥr, son of [...]. Cairo JE 37438 (= CG 42253*)",Statue,Block statue,Limestone,19,13.2,,13.7,,JE: 18,Broken (head and feet missing), T.I.P. 22nd-23rd dyn. Osorkon III,,9/6/1904,
209,K 467,Block statue of Nḫt-Mnw. Cairo CG 42124,Statue,Block statue,"""Black"" Granite",44,22,,25,,CG: 45,, New Kingdom 18th dyn. Tuthmosis III,,9/6/1904,
210,K 469,"Block statue of Pȝ-dj-mwt, son of Pȝ-ṯȝw-m-dj-mwt and Ḏd-Ȝst-jw.s-ʿnḫ. Cairo CG 42218",Statue,Block statue," ""Grey"" granite",28.7,14.5,,21.5,,"CG: 28,5",Almost complete, T.I.P. 22nd dyn.,,9/6/1904,
211,,"Block statue of Ḥr-sȝ-Ȝst, son of Jrty-r-ṯȝ and Ns-Ḫnsw. Cairo T.R. 13/6/24/5",Statue,Block statue,"""Black"" Granite",37,,,,,"JE: “Ht. 0,31 37 ?”",, Late Period-Ptolemaic Period,,,
212,K 229,"Block statue of Ḏd-ḫnsw-jw.f-ʿnḫ, son of Jpw-wr. Cairo JE 37365",Statue,Block statue,Siltstone,16.5,8.1,,11.4,,"JE: 16,3",, T.I.P. trans. 22nd-23rd-25th dyn.,,1904,
213,K 483,Block statue (anepigraphic). Cairo JE 37220,Statue,Block statue,"""Black"" Granite",32,,,,,,, Date unknown,,,
214,K 497,"Block statue of Ḏd-Bȝstt-jw.f-ʿnḫ, son of Šd-sw-Ḏḥwty. Cairo JE 37527 (= CG 42251*)",Statue,Block statue,Hard crystalline limestone,134 (env.),63.5,,93.5,,"JE: 125
———
Brandl:2008
Relief av.	H. 37 x l. 37.8 [H. lignes 10]
Relief g.	H. 36.5 x l. 39 [H pers. 28.5; H. lignes 10]
Relief dr.	H. 36 x l. 39.8 [H. pers. 28.5; lignes 10]",, T.I.P. 22nd dyn. Osorkon I,,,
215,K 498,"Block statue of Ḥr-ȝḫ-bjt, son of Jmn-m-jnt. Cairo CG 42231",Statue,Block statue,"""Pink"" granite",140,64.5,,88,,CG: 140,Almost complete, T.I.P. 22nd-23rd dyn. Osorkon III,,13/6/1904,
216,K 499,Block statue of Bȝk-n-Ḫnsw (I). Cairo CG 42155,Statue,Block statue,Hard crystalline limestone,125,,,,,,, New Kingdom 19th dyn. Ramesses II,,15/6/1904 (H.C.),
217,K 519,"Block statue of Nsr-Jmn, son of ʿnḫ.f-n-Ḫnsw, with figure of Osiris. Alexandria, Bibliotheca Alexandrina BAAM 598. (ex-Cairo JE 37521bis)",Statue,Block statue with figure of deity (Osiris),"""Black"" Granite",46,,,,,JE 37190: 45,, T.I.P.-Late Period trans. 25th-26th dyn.,,,
218,K 522,"Block statue of Sn-n-mwt, holding Princess Neferure. Cairo CG 42114",Statue,Block statue holding a child," ""Grey"" granite",126,59,,84,,CG: 130,, New Kingdom 18th dyn. Hatshepsut,,30/12/1904 (H.C.),
219,K 531,"Block statue of Pȝ-dj-nfr-ḥtp, son of Tȝ-ḫy (?) (M). Cairo JE 37837 / 38687",Statue,Block statue,Siltstone,22,,,,,,, Ptolemaic Period,,,
220,K 541,"Block statue of [...?]-ẖrd, son of Bȝk-n-mwt. Cairo JE 37839 / 38691 (= CG 42276*)",Statue,Block statue,Limestone,35,18,,20,,"JE 37839: 36
JE 38691: 35",, T.I.P. 22nd dyn.,,31/3/1905,
221,K 543,Block statue of Nḫt-Jmn. Cairo JE 38063,Statue,Block statue,Granite,33.6,,,,,,, New Kingdom 19th dyn.,,,
222,K 552,"Block statue of Wsjr-wr, called Ḥȝ-ḥȝt, son of Pȝ-dj-Jmn-m-jpt. Cairo JE 37843 / 38696",Statue,Block statue," ""Grey"" granite",44.4,18.2,,26.5,,"Profondeur et largeur Jansen-Winkeln:2001 = du socle
Hauteur JE: 44",, Late Period-Ptolemaic Period 30th dyn.-Ptolemies,,,
223,K 566,"Block statue of Jmn-m-ḥȝt, son of Pȝ-dj-ʿ.s and Ns-Bȝstt. Cairo JE 37847",Statue,Block statue,"""Black"" Granite",29,,,,,,, Late Period-Ptolemaic Period 30th dyn.-Ptolemies,,2/4/1905,
224,K 567,"Block statue of ʿnḫ-Wn-nfr (II), son of Nb-nṯrw. Cairo JE 37848",Statue,Block statue,"""Black"" Granite",41,18,,27,,"Largeur: du socle
Profondeur: du socle",, T.I.P.-Late Period trans. 25th-26th dyn.,,3/4/1905,
225,K 568,"Block statue of Ḥr, son of Jrty-r-ṯȝj. Cairo JE 37886",Statue,Block statue,"""Black"" Granite",43,,,,,,, Late Period-Ptolemaic Period,,2/4/1905,
226,K 570,"Block statue of ʿnḫ-Ḫnsw, son of Ḥr. Cairo CG 48635 + Boston MFA 04.1841 (head and left shoulder)",Statue,Block statue,Greywacke,44.5,,,,,"Après restauration
———
Bothmer:1960 source de A.d. 1-5; donne encore: 1,7 à 1,8 “Intracolumnar width”",En morceaux disjoints, Late Period 26th dyn. Psammetichus I,,1905 et 1903 (H.C.?),
227,K 571,"Block statue of Ns-Šw-Tfnwt, son of Ns-pȝ-qȝ-šwty. Cairo JE 37849",Statue,Block statue,Limestone,28,13,,16,,JE: 28,, T.I.P. 26th dyn.,,,
228,K 572,"Block statue of Jry-jry, son of Kȝp.f-ḥȝ-Jmn and Tȝ-šrjt-Mnw. Cairo JE 37883",Statue,Block statue," ""Grey"" granite",36.5,15.3,,23.5,,Jansen-Winkeln:2001 Largeur et Profondeur du socle,Complete, Late Period 30th dyn.,,,
229,K 573,"Block statue of Rʿ-m-mȝʿ-ḫrw, son of P(ȝ)-hrr. Cairo CG 42249 (anc. Buffalo Albright Art Gallery)",Statue,Block statue,"""Black"" Granite",26.5,,,,,"JE: 20,5?",Almost complete, T.I.P.-Late Period trans. 25th-26th dyn.,,3/4/1905,
230,K 574,"Block statue of Ḥr, son of Pȝ-dj-Jmn-nb-nswt-tȝwy and Tȝ(y)-Jmn-nb-nswt-tȝwy. Cairo JE 37988",Statue,Block statue," ""Grey"" granite",29,9.8,,16,,"Jansen-Winkeln:2001, Largeur et Profondeur du socle",Complete, Late Period-Ptolemaic Period,,,
231,K 575,"Block statue of Ns-qȝ-šwty, son of Ḥr-sȝ-Ȝst. Cairo JE 37851",Statue,Naophorous block statue (Amun and Mut),"""Pink"" granite",25,13,,15.2,,"JE/Payraudeau:2006b: 25,5
Jansen-Winkeln:2006 H. 26 / Prof. 14,8 / Larg. 11 / H. socle 3,3",Complete, T.I.P. 25th dyn.,,3/4/1905,
232,K 577,"Block statue of ʿnḫ-pȝ-ẖrd, son of Ns-Mnw and Tȝ-dj-Ȝst-dj-ʿnḫ. Cairo JE 37853",Statue,Block statue,Quartzite,39.6,,,,,JE: hauteur 39,Complete, Late Period 30th dyn.,,3/4/1905,
233,K 579,"Block statue of Jrt-Ḥr-r.w, son of Ns-Jn-ḥr(t), dédicated by his son ʿnḫ-pȝ-ẖrd. Cairo JE 37989",Statue,Block statue,"""Black"" Granite",26,12.6,,20,,Jansen-Winkeln:2001 Largeur et Profondeur du socle,Complete, Ptolemaic Period Argeads Philip Arrhidaeus,,,
234,K 582,"Block statue of Pȝ-ḫȝr-Ḫnsw, son of Pȝ-mnj-[...]. Cairo JE 37991",Statue,Block statue,"""Black"" Granite",40,,,,,,, Ptolemaic Period Ptolemies Ptolemy II,,,
235,K 585,"Block statue of ʿnḫ-pȝ-ẖrd, son of Pȝ-ḫȝr-Ḫnsw. Cairo JE 37993",Statue,Block statue,Basalt,36.5,,,,,,Almost complete, Late Period 30th dyn.,,7/4/1905,
236,K 588,"Block statue of Jḥȝt, son of Wȝḥ-jb-Rʿ. Cairo JE 37857",Statue,Block statue," ""Grey"" granite",43,,,,,,, Ptolemaic Period,,7/4/1905,
237,K 589,"Block statue of Ḏd-Ptḥ-jw.f-ʿnḫ, son of Wsjr-wr. Cairo JE 37994",Statue,Block statue,"""Black"" Granite",44,,,,,,, Ptolemaic Period,,,
238,K 591,Block statue of Rʿ-m-mȝʿt (?). Cairo JE 37996,Statue,Block statue," ""Grey"" granite",9.5,,,,,JE: Ø,Broken (head missing), T.I.P.-Late Period trans. 25th-26th dyn.,,7/4/1905,
239,K 597,"Block statue of Kȝp.f-ḥȝ-Mnṯw, son of Wsr-Ḫnsw and of Tȝ-šrjt-Mnw. Cairo JE 37858",Statue,Block statue," ""Grey"" granite",47,,,,,,, Late Period,,8/4/1905,
240,K 598,Block statue of Pȝ-nḥsy. Cairo JE 37859,Statue,Block statue," ""Grey"" granite",46,23.5,,40,,JE: 47,Broken (head missing), New Kingdom 19th dyn. Merenptah,,8/4/1905,
241,K 600,"Block statue of Ḏd-ḥr, son of Ns-pȝ-mdw and Ḫnsw-jr-dj.s. Cairo JE 37861",Statue,Block statue," ""Grey"" granite",55.5,27.5,,41,,"Jansen-Winkeln:2001 : Profondeur (du socle) 40,7; Largeur (du socle) 28,5; Hauteur du socle 7,8",Complete, Late Period 30th dyn. Nectanebo I,,8/4/1905,
242,K 601,"Block statue of Pȝ-dj-Jmn-nb-nswt-tȝwy, son of Ḥr and Šp-n-Spdt. Cairo JE 37862",Statue,Block statue," ""Grey"" granite",28,,,,,,, Late Period 26th dyn.,,8/4/1905,
243,K 602,"Block statue of Pȝ-ḫȝr-Ḫnsw, son of ʿnḫ.f-Ḫnsw and Ns-nṯrt-tn. Cairo JE 37863 / 38000 (?)",Statue,Block statue,Siltstone,22,,,,,,, Late Period,,8/4/1905,
244,K 603,"Block statue of Kȝp.f-ḥȝ-Ḫnsw, son of Wsr-Ḫnsw and Ḫnsw-jr-dj.s. Cairo JE 38001",Statue,Block statue,Granite,29,,,,,,, Ptolemaic Period,,9/4/1905,
245,K 604,"Block statue of Pȝ-ḫȝr-Ḫnsw, called Ḥȝḥȝt, son of Ḥr and Tȝ-šrjt-Bȝstt. Cairo JE 37864",Statue,Block statue,Basalt,32,14.5,,16.5,,"JE: 33
Jansen-Winkeln:2001 Hauteur 32,5",Complete, Late Period 30th dyn.,,9/4/1905,
246,K 607,"Block statue (anonymous), holding ram-headed standard. Location unknown (ex-Cairo CG 42174)",Statue,Block statue holding ram-headed standard," ""Grey"" granite",31.5,,,,,,Almost complete, New Kingdom 19th dyn. Ramesses II,,9/4/1905,
247,K 611,"Block statue of Ns-Mnw, son of ʿnḫ-pȝ-ẖrd and Ȝst-wrt. Glasgow, Burrell 13.233 (ex-Cairo JE 37868)",Statue,Block statue,Siltstone,31.9,,,,,JE : 33,Complete, Late Period-Ptolemaic Period 30th dyn.-Ptolemies,,10/4/1905(?),
248,K 612,"Block statue of Kȝp.f-ḥȝ-Mnṯw, son of Pȝ-dj-Jmn-nb-nswt-tȝwy and Nḥm-s(y)-Rʿt-tȝwy. Cairo JE 37869",Statue,Block statue," ""Grey"" granite",23,,,,,,, Late Period-Ptolemaic Period,,10/4/1905,
249,K 613,"Block statue of Wȝḥ-jb-Rʿ, son of Pȝ-dj-Jmn-nb-nswt-tȝwy. San Bernardino, Coll. Harer 27 (ex-Cairo JE 37870)",Statue,Block statue,Basalt,33,,,,,,, Ptolemaic Period,,,
250,K 616,"Block statue of Ȝḫ-Jmn-r.w, son of Pȝ-kjry. Cairo CG 48601",Statue,Block statue,Basalt,40.2,,,,,JE: 40,Almost complete, T.I.P. 25th dyn. Taharqa,,1905,
251,K 617,"Block statue of Psmṯk, son of Ṯȝ-n-nȝ-hbw and Nfr-Sḫmt. Cairo CG 48646",Statue,Block statue,Greywacke,48,,,,,,Complete, Late Period 26th dyn. Psammetichus I,,12/4/1905,
252,K 618,Block statue of Rȝmʿ-Rȝy (Romê-Roy). Cairo JE 37874,Statue,Block statue,"""Black"" Granite",47,,,,,,Complete, New Kingdom 19th dyn. Merenptah,,12/4/1905,
253,K 619,Block statue of Ḏḥwty-ms. Cairo JE 37875,Statue,Block statue,"""Black"" Granite",46,,,,,,, New Kingdom,,,
254,K 621,"Block statue of Ḏd-Ḫnsw-jw.f-ʿnḫ, fils de Ns-pȝ-mdw. Cairo JE 37877",Statue,Block statue,"""Black"" Granite",46,21,,26,,JE: 46,Almost complete, Ptolemaic Period,,12/4/1905,
255,K 622,"Block statue of vizir Pȝ-sr, son of Nb-nṯrw and of Mryt-Rʿ. Cairo JE 38062",Statue,Block statue,"""Black"" Granite",72,35,,44,,JE: 72,Almost complete, New Kingdom 19th dyn. Ramesses II,,1905,
256,K 624,"Block statue of ʿnḫ-pȝ-ẖrd, son of Kȝp.f-ḥȝ-Ḫnsw, with figure of Osiris. Cairo JE 38006",Statue,Block statue with figure of deity (Osiris)," ""Grey"" granite",32.3,,,,,,, Late Period,,13/4/1905,
257,K 627,"Block statue of Ḫnsw-ms, son of Ḏd-Ȝst-jw.f-ʿnḫ [and Ns-Mwt-ʿȝ-nrt]. Cairo JE 37878",Statue,Block statue,"""Black"" Granite",26.8,14.8,,18.5,,"JE: 20,3 (sic)
De Meulenaere:1999 : 31,8 (sic)",Almost complete, T.I.P. trans. 25th-26th dyn.,,14/4/1905,
258,K 628,"Block statue of Ḏd-Ḫnsw-jw.f-ʿnḫ, son of Bȝk-n-Ḫnsw. Cairo CG 42216",Statue,Block statue,Hard crystalline limestone,50,23,,31.5,,"CG: 50
———
Brandl:2008
H. relief avant (haut)	18
H. relief avant (bas)	7.5/7.8",Almost complete, T.I.P. 22nd dyn.,,14/4/1905,
259,K 629,"Block statue of Pȝ-ḫȝr-Ḫnsw, son of Psmṯk. Cairo JE 42892",Statue,Block statue," ""Grey"" granite",37,17,,23.5,,JE: 37,, Late Period,,14/4/1905,
260,K 630,"Block statue of Ns-Ḫnsw-[wn-...?], son of Ḏd-Mwt-jw.f-ʿnḫ. Cairo JE 37880",Statue,Block statue,Hard crystalline limestone,37u,19,,28.5,,JE: 40,Broken (head missing), T.I.P.-Late Period,,16/4/1905,
261,K 641,Block statue of Ḏd-Ḫnsw-jw.f-ʿnḫ son of Ns-bȝ-nb-Ḏd and of Djt-n-Rʿt-tȝwy(?). Cairo JE 38011,Statue,Block statue,"""Black"" Granite",46,,,,,,, Ptolemaic Period Ptolemies,,5/1905,
262,K 642,"Block statue of ʿnḫ-pȝ-ẖrd, son of Nḫt-Mnṯw and Tȝ-šrjt-Ḫnsw. Cairo T.R. 18/12/28/15",Statue,Block statue,Limestone,32,17,,20,,RT: 31,Broken (upper part missing), Ptolemaic Period,,,
263,K 643,"Block statue of Ḏḥwty-ms, usurped by ʿnḫ-pȝ-ẖrd, son of Nḫt-Mnṯw and Tȝ-šrjt-Ḫnsw. Cairo T.R. 4/6/24/3",Statue,Block statue," ""Grey"" granite",33,,,,,"RT 4/6/24/3 : h= 33 cm
[LC — 10/04/2007]",, New Kingdom 18th dyn.,,1905,
264,K 644,"Block statue of Jmn-jr-dj-s(w), son of Ḫw-Ḥry-š.f. Cairo CG 48632",Statue,Block statue,"""Black"" Granite",41,17,,24,,"largeur: arrière base
CLES 1582: 41,8.
JE/CG: 32 sans la tête pour le premier, reporté sans vérification sur le second",, Late Period 26th dyn. Psammetichus I,,,
265,K 645,"Block statue of Ḥr, son of Nḫt-Ḥr-ḥb and Tȝ-šrjt-Ḫnsw. Cairo JE 38013",Statue,Block statue,"""Black"" Granite",48,21.5,,26.5,,,Almost complete, Late Period-Ptolemaic Period 30th dyn.-Ptolemies,,5/1905,
266,K 646,"Block statue of Pȝ-ẖrd-Mḥyt, son of Tjȝ-[Ḥr]-[...]. Cairo JE 38014",Statue,Block statue,"""Black"" Granite",48,23,,29.5,,JE: 49,Complete, Late Period,,6/5/1905,
267,K 647,"Block statue of Ḥrj (n Wȝst), holding ram-headed standard. Cairo JE 38015",Statue,Block statue holding ram-headed standard,Quartzite,36,19,,25,,"Largeur arrière (Goyon, Cardin:2004)",, New Kingdom 19th dyn. Ramesses II,,,
268,K 652,"Block statue of Nsr-Jmn (VI), son of Ḥr (VI) and Tȝ-prt. Cairo T.R. 20/2/25/2 (= CG 42279*)",Statue,Block statue,Limestone,27.5,16,,17.5,,"RT: 30
Jansen-Winkeln:2008
H. 27 (env.)
l. 16",Broken (lower part missing), T.I.P. 22nd-23rd dyn. Osorkon III-Takelot III,,8/5/1905,
269,K 653,"Block statue of Ns-Mnw, son of Ḏd-Ḥr and Jrty-r.w. Cairo JE 38020",Statue,Block statue," ""Grey"" granite",43,,,,,,, Late Period 30th dyn.,,,
270,K 661,"Block statue of Pȝ-dj-Jmn-nb-nswt-tȝwy, son of Jrt-Ḥr-r.w. Cairo JE 38024",Statue,Block statue," ""Grey"" granite",31,,,,,,, Ptolemaic Period,,,
271,K 682,"Block statue of ʿnḫ.f-n-Ḫnsw, son of Pȝ-dj-Jmn-nb-nswt-tȝwy and Tȝ-Jpt-wrt. Ismailiya, Regional Museum 2583 (ex-Cairo JE 38038)",Statue,Block statue,"""Black"" Granite",37.8,,,,,,, Ptolemaic Period,,1905,
272,K 683,"Block statue of Ns-bȝ-nb-Ḏd, son of ʿnḫ-pȝ-ẖrd. Cairo JE 38039 (= CG 42273*)",Statue,Block statue,Breccia,35,17,,25,,"JE: 36,7",, T.I.P. 22nd-23rd dyn. or 25th dyn.,,26/5/1905,
273,K 684,"Block statue of Pȝ-jw-n-Ḥr, son of Ḥr and Ȝst-rš.tj. Cairo JE 38040",Statue,Block statue,"""Black"" Granite",36.8,,,,,,, Ptolemaic Period,,26/5/1905,
274,K 688,"Block statue of Ḥr-nfr, son of Ns-Mnw and Nḥm-s(y)-Rʿt-tȝwy. Cairo JE 38044",Statue,Block statue,"""Black"" Granite",42.6,,,,,JE: Ø,, Ptolemaic Period Ptolemies,,26/5/1905,
275,K 690,"Block statue of Ḥr, son of Ḏd-ḥr and Tȝ-nt-Jmn-nb-nswt-tȝwy. Cairo T.R. 18/6/24/1",Statue,Block statue,Siltstone,33,,,,,,Almost complete, Ptolemaic Period Ptolemies Ptolemy I-Ptolemy IV,,5/1905,
276,K 691,"Block statue of Sr-Ḏḥwty, son of Ns-Mnw and Ns-Ḫnsw. Cairo JE 38046",Statue,Block statue,"""Black"" Granite",14,,,,,,, Late Period,,1905,
277,K 717,"Block statue of Pȝ-dj-Ḥr-pȝ-Rʿ, son of Ḥr-ȝḫ-bjt and Ta-Bẖ. Cairo T.R. 18/12/24/4",Statue,Block statue," ""Grey"" granite",44,16.2,,24,,Jansen-Winkeln:2001 : Largeur et Profondeur du socle,Almost complete, Ptolemaic Period,,,
278,K 725,Block statue (surface badly weathered). Cairo JE 38586,Statue,Block statue,Sandstone,28,,,,,,, T.I.P.-Late Period trans. 25th-26th dyn.,,26/5/1906,
279,K 727,"Block statue of ʿnḫ-pȝ-ẖrd, son of Ḥr-sȝ-Ȝst. Cairo JE 38588",Statue,Block statue,Limestone,25,,,,,,, T.I.P.-Late Period trans. 25th-26th dyn.,,,
280,K 728,"Block statue of Ḏd-Bȝstt-jw.f-ʿnḫ, son of Ḥr. Cairo CG 42224",Statue,Block statue,Hard crystalline limestone,33.5,,,,,Brandl:2008 = CG,, T.I.P. 22nd-23rd dyn. Osorkon III,,25/5/1906,
281,K 731,"Block statue of Pȝ-jw-n-Ḥr, son of Nḫt-Ḥr-ḥb and Dj-s(y)-Ȝst. Cairo JE 38590",Statue,Block statue,"""Black"" Granite",32,,,,,,, Late Period,,,
282,K 732,"Block statue of Pȝ-dj-Bȝstt, son of Ns-Mnw and Nḥm-s(y)-Rʿt-tȝwy (?). Cairo JE 38591",Statue,Block statue," ""Grey"" granite",46,,,,,,, Late Period,,,
283,K 733,"Block statue of Pȝ-ḫȝr-Ḫnsw, son of Ḥr. Cairo JE 38592",Statue,Block statue,"""Black"" Granite",36,,,,,,, Late Period-Ptolemaic Period,,,
284,K 745,Block statue of Pȝ-dj-Ḥr-pȝ-Rʿ. Cairo JE 38603,Statue,Block statue,Limestone,33,,,,,,, Ptolemaic Period,,,
285,K 747,"Block statue of Rʿ-m-mȝʿ-ḫrw, son of P(ȝ)-hrr. Cairo CG 48629",Statue,Block statue,Granite,29,,,,,,Complete, T.I.P.-Late Period trans. 25th-26th dyn.,,1906,
286,K 749,"Block statue of Mnṯw-m-ḥȝt, son of Ns-Mnw and Ns-Ḫnsw, with figure of Osiris. Cairo CG 48633",Statue,Block statue with figure of deity (Osiris),Greywacke,40,,,,,,Almost complete, Late Period 26th dyn. Psammetichus I,,,
287,K 750,"Block statue of Pȝ-[...], fils de Pȝ-[...]. Cairo T.R. 18/12/28/11",Statue,Block statue,Limestone,7.5,5,,8,,,Broken (head missing), T.I.P.-Late Period,,,
288,K 771,"Block statue of Ḥr-sȝ-Ȝst, son of Ns-Mnw and Tȝ-dj-Ȝst-dj-ʿnḫ. Cairo T.R. 8/12/24/3",Statue,Block statue," ""Grey"" granite",38,23.4,,30.5,,"Autre dimension 6:	2,8 à 3	Largeur colonne

———
RT : 40",Complete, Late Period-Ptolemaic Period,,31/5/1907,
289,K 786,"Block statue of Ḥr-m-ḥb, son of Ns-Mnw and of Tȝ-hbt (Tȝ-nȝy-hbw). Cairo JE 43652",Statue,Block statue,Limestone,51,11,,20,,JE: 52,Broken (front part missing), Ptolemaic Period,,16/12/1908 (H.C.),
290,K 22,"Block statue of Ḥr (XVII), son of Pȝ-dj-Jmn-nb-nswt-tȝwy (C). Cairo JE 36664 (= T.R. 7/6/24/3)",Statue,Block statue,"""Black"" Granite",53.3,25,,35.2,,JE: 43!,Almost complete, Late Period 26th dyn. Necho II,,5/2/1904,
291,K 58,"Block statue of Pȝ-dj-Ḥr-pȝ-Rʿ, son of Kȝp.f-ḥȝ-Mnṯw (called Pȝ-wrm) and Ns-Ḫnsw. (ex-Cairo JE 36666, ex-Coll. Omar Pacha n° 399)",Statue,Block statue,"""Black"" Granite",36,,,,,JE: 30,, Ptolemaic Period,,20/2/1904,
292,K 183,"Block statue of ʿnḫ-pȝ-ẖrd, son of Wsjr-wr and Tȝ-šrjt-Ḫnsw. Cairo T.R. 4/1/21/3 (err. JE 38009)",Statue,Block statue," ""Grey"" granite",55,21,,33.6,,"Hauteur: 55 corrigé au JE sur 41,5
Jansen-Winkeln:2001 Largeur et Profondeur du socle",Complete, Ptolemaic Period Ptolemies Ptolemy III,,10/4/1904,
293,K 230,Block statue of Pȝ-dj-Jmn-nb-nswt-tȝwy son of ...?. London. British Museum EA 48034,Statue,Block statue," ""Grey"" granite",32.3,13.5,,16.7,,,Complete, Ptolemaic Period,,,
294,K 368bis,Block statue of Bn-jw-thj-Ḥr. Cairo JE 37455,Statue,Block statue,Limestone,15,,,,,,Broken (feet missing), T.I.P.-Late Period trans. 25th-26th dyn.,,,
295,K 520,"Block statue of Nḫt-Mnṯw, son of ʿnḫ.f-n-Ḫnsw et de Ȝst-rš.tj. Cairo JE 37973",Statue,Block statue,Limestone,68,28,,25.5,,JE: Ø,, Ptolemaic Period,,22/12/1904 (H.C.),
296,K 322,Block statue of Ḥr. Cairo JE 37345,Statue,Block statue,Limestone,54,,,,,,, Late Period,,,
297,,"Block statue of Hr.s-n.f, son of Ns-Mnw and Tȝ-mjt. Cairo T.R. 18/12/24/2",Statue,Naophorous block statue (lion-headed goddess),Limestone,29.7,15,,,,,, Ptolemaic Period Ptolemies,,,
298,K 317,"Block statue of Pȝ-jw-n-Ḥr, son of Ḥr and Sṯȝ-jrt-bjnt. Philadelphia, Rosenbach Museum and Library 1954.1969 (70.604)",Statue,Block statue,Basalt,41.4,12.9,,20.6,,,Almost complete, Ptolemaic Period Ptolemies,,,
299,K 326,"Block statue of Ns-pȝ-mdw son of Pȝ-jw-n-Ḥr and Tȝ-nt-Ḥwt. New York, MMA 07.228.28",Statue,Block statue,Basalt,31,14.5,,21.5,,,Complete, Ptolemaic Period Ptolemies,,,
300,,"Block statue of Ns-Ḫmnyw, son of Kȝp.f-ḥȝ-(?). New York, MMA 07.228.26",Statue,Block statue,Diorite,30.7,14.1,,18.5,,MMA 07.228.26 Block Statue of Nespamedu.doc,Complete, Ptolemaic Period,,,
301,,Block statue of a man (anepigraphic ?). Location unknown,Statue,Block statue,Limestone,,,,,,,, Date unknown,,1904,
302,,"Block statue of Hr.s-n.f, son of ʿnḫ-Ḥp, with figure of Amun. Karakol 185 (= “Karnak Generator 13”)",Statue,Block statue with figure of deity (Amun),Unidentified stone,,,,,,,, Late Period-Ptolemaic Period,,,
303,K 55,"Block statue of Pȝ-ḫȝr-Ḫnsw, called Pȝ-Mnṯw, son of Wsjr-wr. Baltimore, WAG/WAM 170 (22.210) (ex-Cairo JE 36667)",Statue,Block statue,"""Black"" Granite",33.6,,,,,JE: 35,Almost complete, Ptolemaic Period Ptolemies Ptolemy II,,20/2/1904,
304,K 502,"Block statue of Pȝ-dj-Jmn-nb-nswt-tȝwy, son of Ns-mnw and Nḥm-s(y)-Rʿt-tȝwy. Cairo JE 37514",Statue,Block statue," ""Grey"" granite",87,37,,51,,"Hauteur JE: 85
Profondeur et Largeur sont celles du socle.",, Late Period-Ptolemaic Period 30th dyn.-Ptolemies,,,
305,,Block statue (anepigraphic). Cairo JE 37156,Statue,Block statue,"""Black"" Granite",33,,,,,,, New Kingdom,,7/1904 (avant),
306,,Block statue of Jmn-m-jpt. Cairo JE 36952,Statue,Block statue,"""Black"" Granite",46,,,,,,, Date unknown,,,
307,,"Block statue of Pȝ-jw-n-Ḥr, son of [...]-ʿnḫ, with figure of Osiris. Cairo JE 36960",Statue,Block statue with figure of deity (Osiris),"""Black"" Granite",42.2,,,,,,, Late Period,,,
308,,Block statue (anonymous). Cairo JE 37016,Statue,Block statue,Limestone,15,,,,,,, Date unknown,,,
309,K 313,"Block statue of Ḥr, son of Nb-nṯrw. Cairo JE 37025",Statue,Block statue,Limestone,16.5,11,,12.5,,,Broken (head missing), T.I.P. 25th dyn.,,8/5/1904,
310,,Block statue of Ḥr. Cairo JE 37144,Statue,Block statue,"""Pink"" granite",36.5,,,,,,, Date unknown,,,
311,,"Block statue of Mnw-ms, with figures of Amun, Mut, Khons. Cairo JE 37367",Statue,"Block statue with figure of deity (Amun, Mut, Khons)",Limestone,42,27,,39,,JE: 41,, New Kingdom 19th dyn. Ramesses II,,,
312,,Block statue of Nwb-m-jrt. Cairo JE 37440,Statue,Block statue,Limestone,9,,,,,,, New Kingdom,,,
313,,"Block statue of Pȝ-dj-Jmn-nb-nswt-tȝwy, son of Wnn-nfr and Ns-Ḥr-pȝ-ẖrd. ex-Cairo JE 37982 (ex-Kelekian B)",Statue,Block statue,Hard crystalline limestone,40,19,17,,,,, Ptolemaic Period,,,
314,K 470,Block statue of Ḥr-sȝ-Ȝst. Brooklyn Museum 51.15 (ex-Cairo JE 37166),Statue,Block statue,Basalt,30.8,13.7,,20.5,,Largeur et Profondeur de la base (Brooklyn:1956),Complete, T.I.P. 25th dyn.,,9/6/1904,
315,,"Block statue of Ns-Ḏḥwty son of Pȝ-dj-Wsjr and Tȝ-dj-Nfr-ḥtp, with figure of Lunar god. Brooklyn Museum 69.115.1",Statue,Block statue with figure of deity (Lunar god),Diorite,39,,,,,,Complete, Ptolemaic Period,,,
316,,"Block statue of Ṯȝw-nfr, son of Ns-pȝ-mdw and Ḫnsw-jr-dj-s(w). New York, Pierpont Morgan Library, no. 10",Statue,Block statue," ""Grey"" granite",45.5,17.5,,21.2,,"Bothmer:1960 : largeur et profondeur de la base; pour cette dernière profondeur gauche; à droite: 20,6.",Complete, Late Period 30th dyn.,,,
317,,"Block statue of Ns-pȝ-sfj, son of Bs-n-Mwt. Cairo T.R. 18/12/28/4",Statue,Block statue," ""Grey"" granite",20,,,,,,, T.I.P.-Late Period,,,
318,,"Block statue of Ḥr, son of Nsr-Jmn and Ḏd-Mwt-jw.s-ʿnḫ. Berlin, Ägyptisches Museum 17272",Statue,Block statue," ""Grey"" granite",31,16,,21,,"Seipel:1992 H. 31
———
Brandl:2008
H. relief av.		11.9
l. relief av.		11.8
H. relief dr.		11.9
H. relief g.		12",Complete, T.I.P. 22nd-23rd dyn. Osorkon III,,,
319,,Block statue of Pȝ-dj-Jmn-nb-nswt-tȝwy. London. British Museum EA 48035,Statue,Block statue,Granite,,,,,,,Complete, Late Period-Ptolemaic Period,,,
320,,"Block statue of Sr-Ḏḥwty, son of Pȝ-dj-Nfr-ḥtp and Mwt-Mnw. Los Angeles County Museum 48.24.8 = A 5141.48.372",Statue,Block statue,Granite,66,,,,,,Broken (head missing), Ptolemaic Period,,,
321,,"Block statue of ʿnḫ-pȝ-ẖrd, son of Pȝ-dj-Jmn-nb-nswt-tȝwy and Ns-Ḥr-pȝ-Rʿ. Baltimore, WAG/WAM 160 (22.420)",Statue,Block statue,"""Black"" Granite",21.5,,,,,Steindorff:1946,Complete, Ptolemaic Period,,,
322,,"Block statue of  Ššnq, son of Ḥr-sȝ-Ȝst and Tȝ-šrjt-Jht. Baltimore, WAG/WAM 159 (22.80)",Statue,Block statue,"""Black"" Granite",35.5,,,,,,Almost complete, Ptolemaic Period,,,
323,,"Block statue of Ššnq, son of Pȝ-ḫȝr-Ḫnsw and Ttj (?). Baltimore, WAG/WAM 164 (22.167)",Statue,Block statue,Siltstone,30.7,10,15.8,,,"Hauteur Steindorff:1946: 30,5",Almost complete, Ptolemaic Period,,,
324,,"Block statue of Jw-jt.f, called Ṯkrd, son of Ḏḥwty-jr-dj-s(w) and Tȝ-ryw. New York, MMA 66.99.63",Statue,Block statue,Limestone,,,,,,,Almost complete, Ptolemaic Period,,,
325,,"Block statue of Wsjr-wr, son of Jry-jry and Ns-Tfnt. Amsterdam, APM 8844 (ex. Coll. van Leer 52)",Statue,Block statue,Granite,26,10,,12,,,Complete, Ptolemaic Period Ptolemies,,,
326,,"Block statue of Ns-bȝ-nb-Ḏd, son of Jrty-r-ṯȝy and ẖrdw-ʿnḫ. Baltimore, WAG/WAM 165 (22.171)",Statue,Block statue,Basalt,23.6,12.3,,19.1,,Hauteur 24 (Steindorff:1946),Almost complete, Late Period-Ptolemaic Period,,,
327,,"Block statue of Jrt-Ḥr-r.w, son of ʿnḫ-pȝ-ẖrd and Tȝ-qtm. Baltimore, WAG/WAM 169 (22.189)",Statue,Block statue,"""Black"" Granite",9.2,,,,,,Complete, Ptolemaic Period Ptolemies,,,
328,K 198bis,Block statue of Ḏd-Ḫnsw-jw.f-ʿnḫ. Cairo JE 36992bis (= JE 36955 = CG 42217),Statue,Block statue,"""Black"" Granite",42,,,,,,, T.I.P.-Late Period,,,
329,,"Block statue of Wsjr-wr, son of Pȝ-dj-Nfr-ḥtp and Nfr-Ḥr-pȝ-Rʿ. Cairo T.R. 13/6/24/4",Statue,Block statue,Granite,34,,,,,,Almost complete, Late Period-Ptolemaic Period,,,
330,,"Block statue of Ḥr-m-ḥb, son of Ns-Mnw and of Tȝ-nȝy-hbw. Cairo T.R. 25/10/17/5",Statue,Block statue,"""Black"" Granite",41,16.5,,25,,RT: 41,, Ptolemaic Period,,,
331,,"Block statue of  Jrt-Ḥr-r.w, son of Pȝ-dj-Jmn-Rʿ-nb-Wȝst and of Tȝ(-nt)-Jmn-nb-nswt-tȝwy. Cairo T.R. 15/12/24/1",Statue,Block statue," ""Grey"" granite",39,17.5,,22,,,Almost complete, Ptolemaic Period Ptolemies,,,
332,,Block statue (anepigraphic). Cairo T.R. 24/12/24/2,Statue,Block statue,Limestone,28,11.5,,17.5,,RT: 29,, Late Period-Ptolemaic Period,,,
333,,Block statue (surface badly weathered). Cairo S.R. 164,Statue,Block statue,Limestone,44.5,15,,20.5,,SR: 44,Almost complete, Ptolemaic Period,,,
334,,Block statue (surface badly weathered). Cairo S.R. 165,Statue,Block statue,Limestone,43,14.5,,25,,SR: 43,Almost complete, Late Period-Ptolemaic Period,,,
335,,Block statue (surface badly weathered). Cairo S.R. 166,Statue,Block statue,Limestone,37,16.5,,21.5,,SR: 38,Almost complete, Late Period-Ptolemaic Period,,,
336,,"Block statue of [...], son (?) of Ns-pr-nwb. Cairo S.R. 167",Statue,Block statue,Limestone,31,16,,20,,SR: 32,Broken (feet missing), T.I.P. 22nd dyn.,,,
337,,Block statue (surface badly weathered). Cairo S.R. 168,Statue,Block statue,Limestone,34.5,19,,19,,SR: 35,, Late Period-Ptolemaic Period,,,
338,,Block statue (surface badly weathered). Cairo S.R. 169,Statue,Block statue,Limestone,39,21,,31,,SR: 41,Broken (head missing), Ptolemaic Period,,,
339,,Block statue. Cairo S.R. 170,Statue,Block statue,Sandstone,34,,,,,,, Date unknown,,,
340,,Naophorous block statue with figure of Osiris. Cairo S.R. 171,Statue,Naophorous block statue (Osiris),Limestone,36.5,15,,21,,SR : 38,, New Kingdom,,,
341,,"Block statue of [Pȝ-ḫȝr?]-Ḫnsw, son of Ns-bȝ-nb-ḏd and Tȝ-prt. Cairo S.R. 172",Statue,Block statue,Limestone,32,20,,28,,SR: 32,Broken (head missing), Late Period-Ptolemaic Period,,,
342,,Block statue (anepigraphic). Cairo S.R. 175,Statue,Block statue,Hard crystalline limestone,26,13,,20,,SR: 25,Broken (head missing), Late Period-Ptolemaic Period,,,
343,,"Block statue of [...], son of Tȝ-ḫj-bjȝt (?) (M) (fragment). Cairo S.R. 179",Statue,Block statue,Hard crystalline limestone,16,15.5,,18,,SR 16,Broken (upper part missing), Ptolemaic Period,,,
344,,"Block statue of [...], son of Ns-Tfnwt (M). Cairo S.R. 183",Statue,Block statue,Hard crystalline limestone,29.5,13,,19,,SR: 32,Almost complete, Ptolemaic Period,,,
345,,Block statue (fragment). Cairo S.R. 184,Statue,Block statue,Limestone,23,14,,12.5,,SR: 26,Broken (lower part missing), Late Period-Ptolemaic Period,,,
346,,"Block statue of Ḥr-sȝ-Ȝst, son of Pȝ-dj-Ȝst. Cairo S.R. 203 + S.R. 415",Statue,Block statue,Hard crystalline limestone,18 + ?,17 + ?,,24 + ?,,"SR (203): H. 19; long. 24
SR (415) : H. 23

",In separate pieces, T.I.P.,,,
347,,Block statue (head missing). Cairo S.R. 233,Statue,Block statue,Limestone,19,10.5,,17,,SR: 19,Broken (head missing), T.I.P.-Late Period,,,
348,,Head of a block statue. Cairo S.R. 413,Statue,Block statue,Limestone,19,,,,,,Broken (body missing), Late Period-Ptolemaic Period,,,
349,,Head and back pillar of a Block statue. Cairo S.R. 414,Statue,Block statue,Limestone,19,19,,10,,SR: 19,Broken (body missing), Date unknown,,,
350,,"Block statue of Bȝk-n-Ḫnsw, [son of Jmn-m-jpt and of Bȝkt-Mwt]. Cairo T.R. 8/6/24/15 (= JE 36653 ?)",Statue,Block statue holding sistrum," ""Grey"" granite",38,25.5,,30,,"RT: 36
JE: 40",Broken (head missing), New Kingdom 20th dyn. Setnakht - Ramesses III,,1903-1904,
351,K 223,"Block statue of Wȝḥ-jb-Rʿ-ḫw, son of Wsr-Ḫnsw. London BM EA 48039",Statue,Block statue,Granite,18,8.5,,14,,,Complete, Late Period 26th dyn.,,,
352,,Fragmentary base of statue. Location unknown,Statue,Block-statue,"""Pink"" granite",,,,,,,, Date unknown,,15/2/1904,
353,,"Block statue (fragment). Cairo, unknown number",Statue,Block-statue,"""Black"" Granite",9,13,,11,,,Broken (isolated fragment), New Kingdom,,,
